epoch,lr-AdamW,step,train_loss_epoch,train_loss_step,train_r2_epoch,train_r2_step,train_rmse_epoch,train_rmse_step,val_loss,val_r2,val_rmse
,0.001,0,,,,,,,,,
0,,9,,702.1112060546875,,-5.3740553855896,,26.22810935974121,,,
0,,19,,631.1302490234375,,-7.943488121032715,,24.88265037536621,,,
0,,29,,776.4109497070312,,-5.801393508911133,,27.574939727783203,,,
0,,39,,788.0255126953125,,-7.059565544128418,,27.7801456451416,,,
0,,49,,735.8607177734375,,-6.440946578979492,,26.83563232421875,,,
0,,59,,706.8071899414062,,-6.5458784103393555,,26.315269470214844,,,
0,,69,,734.7033081054688,,-7.282459735870361,,26.758224487304688,,,
0,,73,,,,,,,687.2461547851562,-7.051383018493652,25.9307918548584
0,,73,722.1417846679688,,-7.161113739013672,,26.570293426513672,,,,
,0.001,74,,,,,,,,,
1,,79,,582.7805786132812,,-8.071589469909668,,23.87697982788086,,,
1,,89,,689.4562377929688,,-8.17951488494873,,25.961748123168945,,,
1,,99,,731.256103515625,,-7.340638160705566,,26.74959945678711,,,
1,,109,,688.7551879882812,,-7.01364278793335,,25.99506378173828,,,
1,,119,,787.2078247070312,,-9.787025451660156,,27.734756469726562,,,
1,,129,,592.9580688476562,,-8.57703685760498,,24.109737396240234,,,
1,,139,,620.0994262695312,,-5.210702419281006,,24.606231689453125,,,
1,,147,,,,,,,639.5360107421875,-6.491761207580566,25.012353897094727
1,,147,686.105224609375,,-6.77899694442749,,25.887832641601562,,,,
,0.001,148,,,,,,,,,
2,,149,,763.3062744140625,,-6.034397125244141,,27.30893325805664,,,
2,,159,,671.005126953125,,-7.606572151184082,,25.601131439208984,,,
2,,169,,698.8734741210938,,-6.969237327575684,,26.151294708251953,,,
2,,179,,669.8993530273438,,-6.267678260803223,,25.614267349243164,,,
2,,189,,643.2642822265625,,-5.460140228271484,,25.08261489868164,,,
2,,199,,607.11962890625,,-5.403739929199219,,24.394084930419922,,,
2,,209,,744.5430908203125,,-8.056807518005371,,26.979862213134766,,,
2,,219,,514.06591796875,,-5.248319625854492,,22.473533630371094,,,
2,,221,,,,,,,554.8199462890625,-5.478195667266846,23.278940200805664
2,,221,638.9669799804688,,-6.2873640060424805,,24.971529006958008,,,,
,0.001,222,,,,,,,,,
3,,229,,591.408935546875,,-7.154853343963623,,24.07444953918457,,,
3,,239,,528.2577514648438,,-5.695911407470703,,22.736351013183594,,,
3,,249,,550.967529296875,,-6.025359153747559,,23.24121856689453,,,
3,,259,,616.9528198242188,,-4.600103855133057,,24.59274673461914,,,
3,,269,,684.755615234375,,-6.775275230407715,,25.88994026184082,,,
3,,279,,492.8362731933594,,-4.389010429382324,,21.934614181518555,,,
3,,289,,572.598876953125,,-3.7163798809051514,,23.675701141357422,,,
3,,295,,,,,,,534.6231079101562,-5.243038654327393,22.847835540771484
3,,295,579.0770874023438,,-5.554405212402344,,23.761987686157227,,,,
,0.001,296,,,,,,,,,
4,,299,,570.6451416015625,,-4.331324577331543,,23.56157684326172,,,
4,,309,,516.8182373046875,,-5.829039573669434,,22.49308967590332,,,
4,,319,,447.6622314453125,,-3.94484281539917,,20.907180786132812,,,
4,,329,,491.217529296875,,-3.9392364025115967,,21.881473541259766,,,
4,,339,,567.7341918945312,,-5.214176654815674,,23.55514907836914,,,
4,,349,,503.5262451171875,,-4.868639945983887,,22.170499801635742,,,
4,,359,,416.6679992675781,,-3.7821877002716064,,20.136173248291016,,,
4,,369,,461.92596435546875,,-3.5851423740386963,,21.18406105041504,,,
4,,369,,,,,,,454.26953125,-4.284588813781738,21.039257049560547
4,,369,516.8933715820312,,-4.810617446899414,,22.422117233276367,,,,
,0.001,370,,,,,,,,,
5,,379,,417.24432373046875,,-2.4182064533233643,,20.134723663330078,,,
5,,389,,497.3373718261719,,-4.489734649658203,,22.000999450683594,,,
5,,399,,438.804931640625,,-3.6240603923797607,,20.68899917602539,,,
5,,409,,462.20477294921875,,-3.097357749938965,,21.12655258178711,,,
5,,419,,393.13311767578125,,-3.3813557624816895,,19.570436477661133,,,
5,,429,,446.16766357421875,,-4.691987037658691,,20.874195098876953,,,
5,,439,,428.6267395019531,,-3.7134735584259033,,20.404376983642578,,,
5,,443,,,,,,,389.3076477050781,-3.509162187576294,19.454153060913086
5,,443,443.7080383300781,,-3.9653096199035645,,20.762104034423828,,,,
,0.001,444,,,,,,,,,
6,,449,,486.71087646484375,,-3.985320568084717,,21.73931121826172,,,
6,,459,,327.4070129394531,,-2.8189048767089844,,17.792043685913086,,,
6,,469,,296.3898010253906,,-2.564972400665283,,17.019058227539062,,,
6,,479,,453.0162353515625,,-4.28341817855835,,21.022594451904297,,,
6,,489,,386.37921142578125,,-2.666801929473877,,19.345600128173828,,,
6,,499,,354.57574462890625,,-5.736501216888428,,18.6099853515625,,,
6,,509,,383.4898376464844,,-3.359490394592285,,19.288063049316406,,,
6,,517,,,,,,,311.79254150390625,-2.587503433227539,17.365644454956055
6,,517,366.042724609375,,-3.1039581298828125,,18.804548263549805,,,,
,0.001,518,,,,,,,,,
7,,519,,271.78009033203125,,-2.3746070861816406,,16.250038146972656,,,
7,,529,,303.76531982421875,,-2.335289478302002,,17.19762420654297,,,
7,,539,,342.6875305175781,,-2.642155647277832,,18.203996658325195,,,
7,,549,,267.1422119140625,,-2.468404769897461,,16.1197566986084,,,
7,,559,,309.83197021484375,,-2.3175973892211914,,17.28333854675293,,,
7,,569,,252.37818908691406,,-1.8815393447875977,,15.66404914855957,,,
7,,579,,270.6633605957031,,-1.5710729360580444,,16.118133544921875,,,
7,,589,,191.86158752441406,,-1.2367733716964722,,13.59242057800293,,,
7,,591,,,,,,,231.2285919189453,-1.6415445804595947,14.910407066345215
7,,591,292.9309997558594,,-2.2519936561584473,,16.77399253845215,,,,
,0.001,592,,,,,,,,,
8,,599,,311.0279235839844,,-2.1348047256469727,,17.323667526245117,,,
8,,609,,312.5262451171875,,-2.3709144592285156,,17.353723526000977,,,
8,,619,,268.2165222167969,,-2.045034408569336,,16.062026977539062,,,
8,,629,,188.23184204101562,,-1.2870938777923584,,13.46596908569336,,,
8,,639,,254.9296112060547,,-2.2959609031677246,,15.729937553405762,,,
8,,649,,209.87799072265625,,-1.7405656576156616,,14.174598693847656,,,
8,,659,,215.8196563720703,,-1.0554447174072266,,14.26079273223877,,,
8,,665,,,,,,,163.2379913330078,-0.8343345522880554,12.45856761932373
8,,665,222.73109436035156,,-1.4515210390090942,,14.554522514343262,,,,
,0.001,666,,,,,,,,,
9,,669,,178.28672790527344,,-0.9072670340538025,,13.01405143737793,,,
9,,679,,216.35107421875,,-1.9224205017089844,,14.47165298461914,,,
9,,689,,179.33096313476562,,-0.8566847443580627,,13.056944847106934,,,
9,,699,,175.17160034179688,,-0.6019704341888428,,12.817313194274902,,,
9,,709,,174.1654815673828,,-0.7535775303840637,,12.84443473815918,,,
9,,719,,155.9995880126953,,-0.5363075733184814,,12.17072582244873,,,
9,,729,,140.1748046875,,-0.2604377865791321,,11.443009376525879,,,
9,,739,,159.89234924316406,,-0.5501501560211182,,12.327643394470215,,,
9,,739,,,,,,,125.52165985107422,-0.3994457721710205,10.885204315185547
9,,739,164.93734741210938,,-0.7996440529823303,,12.482330322265625,,,,
,0.001,740,,,,,,,,,
10,,749,,149.0478973388672,,-0.5444186925888062,,11.832366943359375,,,
10,,759,,104.7744140625,,-0.11198428273200989,,9.912532806396484,,,
10,,769,,110.0858154296875,,-0.07623225450515747,,10.15818977355957,,,
10,,779,,113.99565887451172,,-0.11909526586532593,,10.411709785461426,,,
10,,789,,156.05770874023438,,-0.9022348523139954,,12.195205688476562,,,
10,,799,,105.15457153320312,,-0.1426670253276825,,10.039009094238281,,,
10,,809,,89.44850158691406,,-0.039122581481933594,,9.219091415405273,,,
10,,813,,,,,,,80.0994873046875,0.12237653881311417,8.624178886413574
10,,813,119.56625366210938,,-0.28392294049263,,10.576857566833496,,,,
,0.001,814,,,,,,,,,
11,,819,,97.20039367675781,,0.1516333818435669,,9.613653182983398,,,
11,,829,,78.09102630615234,,0.30068308115005493,,8.526176452636719,,,
11,,839,,65.66215515136719,,0.13898837566375732,,7.941720008850098,,,
11,,849,,55.380615234375,,0.38738274574279785,,7.138458251953125,,,
11,,859,,69.70210266113281,,0.41545015573501587,,7.999161720275879,,,
11,,869,,110.78911590576172,,-0.3522800803184509,,10.32919979095459,,,
11,,879,,54.052040100097656,,0.446816623210907,,7.212776184082031,,,
11,,887,,,,,,,58.87942123413086,0.3566548526287079,7.381253242492676
11,,887,89.44276428222656,,0.038147713989019394,,9.105504035949707,,,,
,0.001,888,,,,,,,,,
12,,889,,64.27794647216797,,0.46367159485816956,,7.680020809173584,,,
12,,899,,68.56481170654297,,0.2456592321395874,,7.9969987869262695,,,
12,,909,,44.31233215332031,,0.36166468262672424,,6.588277816772461,,,
12,,919,,59.36353302001953,,0.25666654109954834,,7.571005821228027,,,
12,,929,,85.0164566040039,,0.06593605875968933,,8.92656421661377,,,
12,,939,,75.96944427490234,,0.20430058240890503,,8.456470489501953,,,
12,,949,,52.33795166015625,,0.4397946000099182,,7.021136283874512,,,
12,,959,,74.246337890625,,0.29391494393348694,,8.33679485321045,,,
12,,961,,,,,,,45.15241241455078,0.5042003393173218,6.475579738616943
12,,961,65.34033203125,,0.29762065410614014,,7.775418758392334,,,,
,0.001,962,,,,,,,,,
13,,969,,30.064441680908203,,0.6506046056747437,,5.240163803100586,,,
13,,979,,58.73214340209961,,0.4937412440776825,,7.345641136169434,,,
13,,989,,64.86815643310547,,0.29709625244140625,,7.871769905090332,,,
13,,999,,22.22187614440918,,0.6697709560394287,,4.623332977294922,,,
13,,1009,,48.496299743652344,,0.38353511691093445,,6.814509391784668,,,
13,,1019,,42.66984176635742,,0.5176337957382202,,6.359238147735596,,,
13,,1029,,53.7698974609375,,0.4827892780303955,,7.118365287780762,,,
13,,1035,,,,,,,33.80278778076172,0.6236091256141663,5.629417419433594
13,,1035,50.942237854003906,,0.4558682143688202,,6.881590843200684,,,,
,0.001,1036,,,,,,,,,
14,,1039,,49.71400833129883,,0.5994384288787842,,6.830336570739746,,,
14,,1049,,58.789066314697266,,0.5048254728317261,,7.51878023147583,,,
14,,1059,,46.192867279052734,,0.35731157660484314,,6.654462814331055,,,
14,,1069,,58.71442413330078,,0.5121408700942993,,7.440484046936035,,,
14,,1079,,40.44374084472656,,0.6282796859741211,,6.292736053466797,,,
14,,1089,,56.27419662475586,,0.37193700671195984,,7.381894111633301,,,
14,,1099,,37.612361907958984,,0.6221622228622437,,6.03356409072876,,,
14,,1109,,33.42586898803711,,0.6681843400001526,,5.7324113845825195,,,
14,,1109,,,,,,,27.203506469726562,0.6935164332389832,5.078227519989014
14,,1109,44.47887420654297,,0.5153056979179382,,6.488091468811035,,,,
,0.001,1110,,,,,,,,,
15,,1119,,40.21653747558594,,0.4421878159046173,,6.262935638427734,,,
15,,1129,,40.56623077392578,,0.5669382810592651,,6.307732582092285,,,
15,,1139,,32.35356903076172,,0.6109865307807922,,5.520792007446289,,,
15,,1149,,26.051931381225586,,0.6844260692596436,,5.073318958282471,,,
15,,1159,,29.587661743164062,,0.6176542639732361,,5.402683734893799,,,
15,,1169,,36.98686218261719,,0.42212212085723877,,6.032830238342285,,,
15,,1179,,41.845699310302734,,0.5947095155715942,,6.401521682739258,,,
15,,1183,,,,,,,22.2658634185791,0.7417740225791931,4.635747909545898
15,,1183,39.22195816040039,,0.5619317889213562,,6.127432346343994,,,,
,0.001,1184,,,,,,,,,
16,,1189,,54.707191467285156,,0.11115625500679016,,7.315824508666992,,,
16,,1199,,37.84987258911133,,0.6025447249412537,,6.07891845703125,,,
16,,1209,,37.616580963134766,,0.5724458694458008,,6.046453475952148,,,
16,,1219,,42.90557098388672,,0.6378278732299805,,6.437911033630371,,,
16,,1229,,25.163175582885742,,0.7296513915061951,,4.937758445739746,,,
16,,1239,,24.922527313232422,,0.617640495300293,,4.968186378479004,,,
16,,1249,,23.174896240234375,,0.7652695775032043,,4.776083946228027,,,
16,,1257,,,,,,,22.590639114379883,0.7359809279441833,4.674738883972168
16,,1257,36.31934356689453,,0.5924584865570068,,5.9062604904174805,,,,
,0.001,1258,,,,,,,,,
17,,1259,,35.055931091308594,,0.5581512451171875,,5.862940788269043,,,
17,,1269,,34.02397155761719,,0.5902278423309326,,5.786873817443848,,,
17,,1279,,37.407100677490234,,0.5376154184341431,,6.10081672668457,,,
17,,1289,,38.78353500366211,,0.6504093408584595,,6.204372406005859,,,
17,,1299,,36.85929489135742,,0.521409809589386,,5.995471000671387,,,
17,,1309,,53.6901969909668,,0.4840851128101349,,7.199934959411621,,,
17,,1319,,30.08708953857422,,0.6699112057685852,,5.403188705444336,,,
17,,1329,,27.378604888916016,,0.6962313652038574,,5.178060531616211,,,
17,,1331,,,,,,,20.679128646850586,0.7580562233924866,4.4717116355896
17,,1331,35.0751953125,,0.6035351753234863,,5.827813625335693,,,,
,0.001,1332,,,,,,,,,
18,,1339,,36.2087287902832,,0.5555577278137207,,5.983807563781738,,,
18,,1349,,30.158374786376953,,0.5462106466293335,,5.400731086730957,,,
18,,1359,,29.083959579467773,,0.6548502445220947,,5.371974945068359,,,
18,,1369,,33.33720779418945,,0.578237771987915,,5.721958637237549,,,
18,,1379,,36.228267669677734,,0.575782060623169,,5.972769737243652,,,
18,,1389,,26.814559936523438,,0.5738670229911804,,5.170411586761475,,,
18,,1399,,35.37490463256836,,0.611296534538269,,5.812554359436035,,,
18,,1405,,,,,,,20.378860473632812,0.7594333291053772,4.433993816375732
18,,1405,33.4443359375,,0.6197237372398376,,5.697535514831543,,,,
,0.001,1406,,,,,,,,,
19,,1409,,28.135169982910156,,0.6552340984344482,,5.266441822052002,,,
19,,1419,,31.438941955566406,,0.6827664375305176,,5.487789154052734,,,
19,,1429,,32.2148323059082,,0.6496633291244507,,5.6378679275512695,,,
19,,1439,,35.01005554199219,,0.6382737755775452,,5.859555721282959,,,
19,,1449,,22.391977310180664,,0.7272005081176758,,4.69160270690918,,,
19,,1459,,26.497434616088867,,0.7025511860847473,,5.084338188171387,,,
19,,1469,,27.027868270874023,,0.6367056369781494,,5.1895952224731445,,,
19,,1479,,16.815473556518555,,0.8191828727722168,,4.094086647033691,,,
19,,1479,,,,,,,19.169578552246094,0.7731524109840393,4.3178935050964355
19,,1479,32.17402267456055,,0.6342291831970215,,5.578028678894043,,,,
,0.001,1480,,,,,,,,,
20,,1489,,28.501476287841797,,0.6292034387588501,,5.315032482147217,,,
20,,1499,,26.94307518005371,,0.6593285799026489,,5.161724090576172,,,
20,,1509,,26.674972534179688,,0.6970584988594055,,5.1034722328186035,,,
20,,1519,,25.639673233032227,,0.7097698450088501,,4.9818830490112305,,,
20,,1529,,27.297637939453125,,0.7197138071060181,,5.190973281860352,,,
20,,1539,,33.44674301147461,,0.596581220626831,,5.749866485595703,,,
20,,1549,,27.658557891845703,,0.7225830554962158,,5.238142013549805,,,
20,,1553,,,,,,,18.383586883544922,0.780468761920929,4.234132766723633
20,,1553,31.919109344482422,,0.6368862986564636,,5.567403316497803,,,,
,0.001,1554,,,,,,,,,
21,,1559,,29.348384857177734,,0.7059650421142578,,5.364173889160156,,,
21,,1569,,31.2455997467041,,0.634224534034729,,5.542819023132324,,,
21,,1579,,29.690229415893555,,0.6706501841545105,,5.432426452636719,,,
21,,1589,,25.3914794921875,,0.6544393301010132,,5.00520133972168,,,
21,,1599,,30.253948211669922,,0.6103030443191528,,5.479086399078369,,,
21,,1609,,33.943363189697266,,0.64554762840271,,5.73561954498291,,,
21,,1619,,24.719663619995117,,0.6502058506011963,,4.928539276123047,,,
21,,1627,,,,,,,17.713001251220703,0.7890064716339111,4.147518157958984
21,,1627,30.35266876220703,,0.6572801470756531,,5.432364463806152,,,,
,0.001,1628,,,,,,,,,
22,,1629,,26.962568283081055,,0.6765404343605042,,5.118927955627441,,,
22,,1639,,19.853408813476562,,0.7522484064102173,,4.422823905944824,,,
22,,1649,,29.285036087036133,,0.6417156457901001,,5.390861511230469,,,
22,,1659,,32.39750671386719,,0.6680148839950562,,5.662436485290527,,,
22,,1669,,31.614391326904297,,0.6164876222610474,,5.567927360534668,,,
22,,1679,,34.006465911865234,,0.633818507194519,,5.762746810913086,,,
22,,1689,,30.016077041625977,,0.644545316696167,,5.424551963806152,,,
22,,1699,,30.230884552001953,,0.6425601243972778,,5.4338836669921875,,,
22,,1701,,,,,,,17.33607292175293,0.7941720485687256,4.099432945251465
22,,1701,29.737367630004883,,0.6624839305877686,,5.382457256317139,,,,
,0.001,1702,,,,,,,,,
23,,1709,,25.713834762573242,,0.7687429189682007,,5.043892860412598,,,
23,,1719,,35.58723449707031,,0.5524996519088745,,5.891580104827881,,,
23,,1729,,27.898452758789062,,0.6876962780952454,,5.246175765991211,,,
23,,1739,,30.499176025390625,,0.6406599283218384,,5.474599838256836,,,
23,,1749,,36.60947036743164,,0.5072140693664551,,6.006625175476074,,,
23,,1759,,23.1085262298584,,0.7264412045478821,,4.770974636077881,,,
23,,1769,,31.880279541015625,,0.6331513524055481,,5.597811698913574,,,
23,,1775,,,,,,,16.916881561279297,0.7989663481712341,4.054340839385986
23,,1775,30.992353439331055,,0.6453697085380554,,5.48669958114624,,,,
,0.001,1776,,,,,,,,,
24,,1779,,35.78074264526367,,0.6414874792098999,,5.8767499923706055,,,
24,,1789,,25.392688751220703,,0.7374088764190674,,5.011925220489502,,,
24,,1799,,36.87063217163086,,0.5375486612319946,,6.044233322143555,,,
24,,1809,,27.39044761657715,,0.7434841394424438,,5.157896995544434,,,
24,,1819,,42.42669677734375,,0.3990299105644226,,6.466912269592285,,,
24,,1829,,41.41080856323242,,0.5746018886566162,,6.360509872436523,,,
24,,1839,,32.697044372558594,,0.6291524171829224,,5.683607578277588,,,
24,,1849,,55.56668472290039,,0.37067320942878723,,7.405747413635254,,,
24,,1849,,,,,,,17.501018524169922,0.7909872531890869,4.122841835021973
24,,1849,30.18511390686035,,0.6557962894439697,,5.4073615074157715,,,,
,0.001,1850,,,,,,,,,
25,,1859,,29.143054962158203,,0.6663223505020142,,5.373453617095947,,,
25,,1869,,25.33013153076172,,0.7000072598457336,,5.004180908203125,,,
25,,1879,,22.513486862182617,,0.7866216897964478,,4.705865383148193,,,
25,,1889,,31.28226661682129,,0.6299155354499817,,5.516537666320801,,,
25,,1899,,33.64512634277344,,0.6750401258468628,,5.748222351074219,,,
25,,1909,,34.17251968383789,,0.6097049117088318,,5.789602279663086,,,
25,,1919,,26.695436477661133,,0.7163581252098083,,5.12226676940918,,,
25,,1923,,,,,,,17.34883689880371,0.7943490743637085,4.105796813964844
25,,1923,29.125043869018555,,0.6664050817489624,,5.324682712554932,,,,
,0.001,1924,,,,,,,,,
26,,1929,,23.84100341796875,,0.7604798078536987,,4.8354716300964355,,,
26,,1939,,35.618370056152344,,0.5988668203353882,,5.939517021179199,,,
26,,1949,,37.682376861572266,,0.703154981136322,,6.110942363739014,,,
26,,1959,,31.293550491333008,,0.5985617637634277,,5.558722496032715,,,
26,,1969,,19.569564819335938,,0.7917003631591797,,4.403522491455078,,,
26,,1979,,27.287765502929688,,0.7194607853889465,,5.182424545288086,,,
26,,1989,,33.86436080932617,,0.5571528077125549,,5.804574966430664,,,
26,,1997,,,,,,,16.27651023864746,0.8062477707862854,3.9813687801361084
26,,1997,28.800382614135742,,0.6708530783653259,,5.28864049911499,,,,
,0.001,1998,,,,,,,,,
27,,1999,,25.234346389770508,,0.7437308430671692,,4.96210241317749,,,
27,,2009,,24.436094284057617,,0.6779990196228027,,4.921988487243652,,,
27,,2019,,31.101856231689453,,0.6151862144470215,,5.5539140701293945,,,
27,,2029,,29.268890380859375,,0.7195405960083008,,5.372623920440674,,,
27,,2039,,36.494140625,,0.6156525611877441,,6.013121604919434,,,
27,,2049,,29.728187561035156,,0.6468557119369507,,5.43295431137085,,,
27,,2059,,18.369657516479492,,0.7631192207336426,,4.2659711837768555,,,
27,,2069,,21.684890747070312,,0.7796657085418701,,4.603980541229248,,,
27,,2071,,,,,,,16.645309448242188,0.8035192489624023,4.019875526428223
27,,2071,28.837020874023438,,0.6705611348152161,,5.283426761627197,,,,
,0.001,2072,,,,,,,,,
28,,2079,,21.627029418945312,,0.7379748821258545,,4.621297836303711,,,
28,,2089,,30.29615020751953,,0.5683188438415527,,5.4828972816467285,,,
28,,2099,,30.354875564575195,,0.6923543214797974,,5.423160552978516,,,
28,,2109,,16.986530303955078,,0.8009909987449646,,4.121407508850098,,,
28,,2119,,22.87306022644043,,0.7487563490867615,,4.705472946166992,,,
28,,2129,,33.27967834472656,,0.6693168878555298,,5.722647666931152,,,
28,,2139,,23.988744735717773,,0.7614548206329346,,4.857475280761719,,,
28,,2145,,,,,,,16.185653686523438,0.8052884936332703,3.9706215858459473
28,,2145,29.18718719482422,,0.6694697737693787,,5.314580917358398,,,,
,0.001,2146,,,,,,,,,
29,,2149,,29.461435317993164,,0.7038214802742004,,5.401422023773193,,,
29,,2159,,22.079801559448242,,0.773955225944519,,4.658417701721191,,,
29,,2169,,22.435747146606445,,0.7876064777374268,,4.719211578369141,,,
29,,2179,,20.21152114868164,,0.7127186059951782,,4.455012798309326,,,
29,,2189,,31.78925323486328,,0.6164047718048096,,5.611396789550781,,,
29,,2199,,30.320884704589844,,0.716437578201294,,5.447538375854492,,,
29,,2209,,17.27008628845215,,0.7918685078620911,,4.121856212615967,,,
29,,2219,,35.7557487487793,,0.6405923366546631,,5.932889938354492,,,
29,,2219,,,,,,,15.981856346130371,0.810562014579773,3.9380922317504883
29,,2219,27.688310623168945,,0.6867092251777649,,5.1849751472473145,,,,
,0.001,2220,,,,,,,,,
30,,2229,,22.58204460144043,,0.7423809170722961,,4.73337459564209,,,
30,,2239,,27.672740936279297,,0.6967039108276367,,5.22692346572876,,,
30,,2249,,31.99752426147461,,0.6709240674972534,,5.521285057067871,,,
30,,2259,,40.64590072631836,,0.5749747157096863,,6.318256378173828,,,
30,,2269,,24.727481842041016,,0.6953474283218384,,4.946887016296387,,,
30,,2279,,23.184097290039062,,0.7663201689720154,,4.745059013366699,,,
30,,2289,,18.90104103088379,,0.752975344657898,,4.330915451049805,,,
30,,2293,,,,,,,15.439208984375,0.8149056434631348,3.870434284210205
30,,2293,27.641828536987305,,0.6874545216560364,,5.171767711639404,,,,
,0.001,2294,,,,,,,,,
31,,2299,,36.803627014160156,,0.6213290691375732,,6.014853477478027,,,
31,,2309,,33.205116271972656,,0.5688706040382385,,5.692285537719727,,,
31,,2319,,38.53608703613281,,0.5995762348175049,,6.148194313049316,,,
31,,2329,,25.896652221679688,,0.6504726409912109,,5.065120697021484,,,
31,,2339,,16.33808135986328,,0.7723018527030945,,4.031370639801025,,,
31,,2349,,29.44528579711914,,0.6441015005111694,,5.383378028869629,,,
31,,2359,,50.794898986816406,,0.48390114307403564,,7.076586723327637,,,
31,,2367,,,,,,,15.869773864746094,0.8110750317573547,3.918241262435913
31,,2367,27.127683639526367,,0.6913377642631531,,5.121323108673096,,,,
,0.001,2368,,,,,,,,,
32,,2369,,20.48689842224121,,0.780681848526001,,4.476327896118164,,,
32,,2379,,26.186336517333984,,0.7117152810096741,,5.098790168762207,,,
32,,2389,,23.004199981689453,,0.6748819351196289,,4.760204315185547,,,
32,,2399,,41.60637664794922,,0.5304946899414062,,6.339165687561035,,,
32,,2409,,27.075756072998047,,0.7029802799224854,,5.1775712966918945,,,
32,,2419,,26.583263397216797,,0.7551963329315186,,5.110611915588379,,,
32,,2429,,23.871980667114258,,0.6361117959022522,,4.882267951965332,,,
32,,2439,,25.113744735717773,,0.7293422222137451,,4.973499774932861,,,
32,,2441,,,,,,,16.188819885253906,0.8059573173522949,3.9726927280426025
32,,2441,28.135873794555664,,0.6787782311439514,,5.233454704284668,,,,
,0.001,2442,,,,,,,,,
33,,2449,,21.78254508972168,,0.7334949970245361,,4.636303424835205,,,
33,,2459,,23.939001083374023,,0.7761314511299133,,4.8721771240234375,,,
33,,2469,,23.278759002685547,,0.7678148746490479,,4.7927727699279785,,,
33,,2479,,32.05517578125,,0.6196058988571167,,5.617286682128906,,,
33,,2489,,35.98124694824219,,0.5655404329299927,,5.928911209106445,,,
33,,2499,,19.654794692993164,,0.77422696352005,,4.425490379333496,,,
33,,2509,,33.19490051269531,,0.6478172540664673,,5.729224681854248,,,
33,,2515,,,,,,,15.957588195800781,0.807338297367096,3.9193148612976074
33,,2515,26.779945373535156,,0.6949899792671204,,5.102001190185547,,,,
,0.001,2516,,,,,,,,,
34,,2519,,25.769737243652344,,0.7731670141220093,,5.020818710327148,,,
34,,2529,,26.413665771484375,,0.6778056621551514,,5.091254711151123,,,
34,,2539,,19.892284393310547,,0.7880460023880005,,4.441967010498047,,,
34,,2549,,20.037630081176758,,0.7263401746749878,,4.427028656005859,,,
34,,2559,,29.893726348876953,,0.5745331048965454,,5.425339698791504,,,
34,,2569,,25.95151710510254,,0.74824059009552,,5.06623649597168,,,
34,,2579,,33.611167907714844,,0.7252386808395386,,5.7469801902771,,,
34,,2589,,45.337581634521484,,0.42810747027397156,,6.660874843597412,,,
34,,2589,,,,,,,15.002201080322266,0.8201848268508911,3.810410499572754
34,,2589,26.07435417175293,,0.7007235288619995,,5.039373874664307,,,,
,0.001,2590,,,,,,,,,
35,,2599,,25.045320510864258,,0.5974933505058289,,4.992527008056641,,,
35,,2609,,21.941097259521484,,0.7487306594848633,,4.653444290161133,,,
35,,2619,,29.545732498168945,,0.6520481109619141,,5.380659103393555,,,
35,,2629,,26.42483139038086,,0.6945362091064453,,5.094085216522217,,,
35,,2639,,22.419551849365234,,0.7063774466514587,,4.684795379638672,,,
35,,2649,,22.759428024291992,,0.7694626450538635,,4.762596130371094,,,
35,,2659,,20.459943771362305,,0.784959077835083,,4.485114574432373,,,
35,,2663,,,,,,,15.265799522399902,0.8169507384300232,3.83927321434021
35,,2663,25.639299392700195,,0.7061393857002258,,4.990942001342773,,,,
,0.001,2664,,,,,,,,,
36,,2669,,20.535165786743164,,0.7250168323516846,,4.48286247253418,,,
36,,2679,,19.441984176635742,,0.7936873435974121,,4.395263671875,,,
36,,2689,,23.291748046875,,0.6484668850898743,,4.7928900718688965,,,
36,,2699,,30.62110710144043,,0.6311277747154236,,5.462976455688477,,,
36,,2709,,33.459800720214844,,0.60280841588974,,5.717429161071777,,,
36,,2719,,42.82081985473633,,0.58384108543396,,6.478681564331055,,,
36,,2729,,29.16755485534668,,0.6671558618545532,,5.397220611572266,,,
36,,2737,,,,,,,15.336675643920898,0.8175906538963318,3.8454043865203857
36,,2737,26.942214965820312,,0.6918770670890808,,5.12526798248291,,,,
,0.001,2738,,,,,,,,,
37,,2739,,24.745494842529297,,0.6492452621459961,,4.941876411437988,,,
37,,2749,,30.828458786010742,,0.5841736197471619,,5.508919715881348,,,
37,,2759,,23.768110275268555,,0.7322708368301392,,4.814272880554199,,,
37,,2769,,28.66643524169922,,0.5531124472618103,,5.312618732452393,,,
37,,2779,,20.05022430419922,,0.7880154252052307,,4.475336074829102,,,
37,,2789,,24.4481201171875,,0.6987597942352295,,4.887696266174316,,,
37,,2799,,35.42154312133789,,0.6507369875907898,,5.9046478271484375,,,
37,,2809,,21.60610580444336,,0.7809244990348816,,4.556250095367432,,,
37,,2811,,,,,,,14.76343059539795,0.8234964609146118,3.765756368637085
37,,2811,27.024003982543945,,0.6916337609291077,,5.120818138122559,,,,
,0.001,2812,,,,,,,,,
38,,2819,,24.174346923828125,,0.7256718277931213,,4.885711669921875,,,
38,,2829,,22.216978073120117,,0.6072309613227844,,4.669821739196777,,,
38,,2839,,26.3861083984375,,0.6940971612930298,,5.125388145446777,,,
38,,2849,,23.06653594970703,,0.7947598099708557,,4.755249977111816,,,
38,,2859,,27.182388305664062,,0.7340189218521118,,5.150132656097412,,,
38,,2869,,14.055540084838867,,0.8331804275512695,,3.7020554542541504,,,
38,,2879,,26.506610870361328,,0.7235681414604187,,5.093195915222168,,,
38,,2885,,,,,,,15.199572563171387,0.81803297996521,3.831446886062622
38,,2885,25.410524368286133,,0.7091249227523804,,4.96878719329834,,,,
,0.001,2886,,,,,,,,,
39,,2889,,22.214710235595703,,0.7592512369155884,,4.679255485534668,,,
39,,2899,,29.558115005493164,,0.6420305371284485,,5.4194183349609375,,,
39,,2909,,42.980716705322266,,0.4714929461479187,,6.47977876663208,,,
39,,2919,,20.23479652404785,,0.8079630136489868,,4.453781604766846,,,
39,,2929,,19.342750549316406,,0.781348466873169,,4.37790060043335,,,
39,,2939,,33.55406951904297,,0.6014822721481323,,5.712305545806885,,,
39,,2949,,20.111736297607422,,0.8226276636123657,,4.40871000289917,,,
39,,2959,,20.442398071289062,,0.6187129616737366,,4.463713645935059,,,
39,,2959,,,,,,,16.43464469909668,0.8044124245643616,3.9752962589263916
39,,2959,26.055923461914062,,0.7018014192581177,,5.012180805206299,,,,
,0.001,2960,,,,,,,,,
40,,2969,,29.822586059570312,,0.664036214351654,,5.446889877319336,,,
40,,2979,,20.965761184692383,,0.789887547492981,,4.5479912757873535,,,
40,,2989,,20.36728286743164,,0.7648541927337646,,4.493594169616699,,,
40,,2999,,33.870338439941406,,0.6016495227813721,,5.7732648849487305,,,
40,,3009,,17.213985443115234,,0.8217198848724365,,4.133452415466309,,,
40,,3019,,18.405302047729492,,0.7957724332809448,,4.267745494842529,,,
40,,3029,,22.43536376953125,,0.7303445339202881,,4.686585426330566,,,
40,,3033,,,,,,,14.31670093536377,0.8296762108802795,3.7193350791931152
40,,3033,26.303874969482422,,0.6989206671714783,,5.04634952545166,,,,
,0.001,3034,,,,,,,,,
41,,3039,,26.468841552734375,,0.6353042125701904,,5.12930965423584,,,
41,,3049,,15.190313339233398,,0.8270477056503296,,3.883578300476074,,,
41,,3059,,18.264738082885742,,0.8249193429946899,,4.247765064239502,,,
41,,3069,,29.2503719329834,,0.6935610175132751,,5.365024566650391,,,
41,,3079,,22.315345764160156,,0.7794874906539917,,4.685800552368164,,,
41,,3089,,26.616806030273438,,0.7106022834777832,,5.158792495727539,,,
41,,3099,,38.330650329589844,,0.6320086121559143,,6.137822151184082,,,
41,,3107,,,,,,,15.22154712677002,0.8169397711753845,3.8364548683166504
41,,3107,25.400371551513672,,0.7109161019325256,,4.96187686920166,,,,
,0.001,3108,,,,,,,,,
42,,3109,,15.54708480834961,,0.8051108121871948,,3.9235334396362305,,,
42,,3119,,22.747629165649414,,0.7204380035400391,,4.753859996795654,,,
42,,3129,,29.76015853881836,,0.49473217129707336,,5.404280662536621,,,
42,,3139,,22.469619750976562,,0.7317572832107544,,4.715470314025879,,,
42,,3149,,24.468265533447266,,0.7818238735198975,,4.885426044464111,,,
42,,3159,,16.643512725830078,,0.8179265260696411,,4.05341911315918,,,
42,,3169,,30.401771545410156,,0.6118050813674927,,5.49737548828125,,,
42,,3179,,19.421499252319336,,0.8062795400619507,,4.323718547821045,,,
42,,3181,,,,,,,14.199292182922363,0.8303738832473755,3.7120556831359863
42,,3181,24.988637924194336,,0.7113330364227295,,4.918242454528809,,,,
,0.001,3182,,,,,,,,,
43,,3189,,27.687320709228516,,0.7355780601501465,,5.201093673706055,,,
43,,3199,,23.61618995666504,,0.7071214318275452,,4.82858419418335,,,
43,,3209,,24.54514503479004,,0.6951225996017456,,4.907691478729248,,,
43,,3219,,18.938800811767578,,0.839418888092041,,4.264654636383057,,,
43,,3229,,20.92352294921875,,0.6825712323188782,,4.538630962371826,,,
43,,3239,,44.368736267089844,,0.4707257151603699,,6.592635154724121,,,
43,,3249,,24.41176414489746,,0.7266250252723694,,4.905746936798096,,,
43,,3255,,,,,,,14.212272644042969,0.8315442800521851,3.7058377265930176
43,,3255,25.038806915283203,,0.7138412594795227,,4.919912815093994,,,,
,0.001,3256,,,,,,,,,
44,,3259,,25.386220932006836,,0.7207353115081787,,4.982818603515625,,,
44,,3269,,20.81818962097168,,0.6843011379241943,,4.559185028076172,,,
44,,3279,,17.066612243652344,,0.792176365852356,,4.109614849090576,,,
44,,3289,,26.775482177734375,,0.6869542598724365,,5.1576080322265625,,,
44,,3299,,21.487451553344727,,0.7495347261428833,,4.580386161804199,,,
44,,3309,,20.55766487121582,,0.7694653272628784,,4.479788780212402,,,
44,,3319,,18.384286880493164,,0.8063550591468811,,4.253047943115234,,,
44,,3329,,40.27579116821289,,0.5829851627349854,,6.250194549560547,,,
44,,3329,,,,,,,14.473065376281738,0.8275426626205444,3.737837314605713
44,,3329,23.967811584472656,,0.7250041961669922,,4.819300651550293,,,,
,0.001,3330,,,,,,,,,
45,,3339,,29.694286346435547,,0.591401219367981,,5.444748878479004,,,
45,,3349,,13.841552734375,,0.8226348161697388,,3.7001447677612305,,,
45,,3359,,31.562185287475586,,0.5786994695663452,,5.586775779724121,,,
45,,3369,,21.02361488342285,,0.7538173198699951,,4.483731746673584,,,
45,,3379,,19.557159423828125,,0.7157517671585083,,4.3600263595581055,,,
45,,3389,,27.899259567260742,,0.6165055632591248,,5.242273807525635,,,
45,,3399,,17.704984664916992,,0.8341536521911621,,4.1250715255737305,,,
45,,3403,,,,,,,13.907139778137207,0.8352331519126892,3.6694676876068115
45,,3403,24.676071166992188,,0.7214218974113464,,4.879975318908691,,,,
,0.001,3404,,,,,,,,,
46,,3409,,32.264076232910156,,0.6542922854423523,,5.612608909606934,,,
46,,3419,,22.288646697998047,,0.7677041292190552,,4.6793975830078125,,,
46,,3429,,24.56688117980957,,0.6523152589797974,,4.906113624572754,,,
46,,3439,,31.796512603759766,,0.5936019420623779,,5.605316162109375,,,
46,,3449,,23.578622817993164,,0.757850706577301,,4.839364528656006,,,
46,,3459,,19.283077239990234,,0.8013519048690796,,4.33438777923584,,,
46,,3469,,31.145666122436523,,0.6267968416213989,,5.546433925628662,,,
46,,3477,,,,,,,14.78466796875,0.8233187794685364,3.780162811279297
46,,3477,24.297653198242188,,0.7234415411949158,,4.853028297424316,,,,
,0.001,3478,,,,,,,,,
47,,3479,,24.823211669921875,,0.6623630523681641,,4.97197151184082,,,
47,,3489,,41.2935905456543,,0.5215581655502319,,6.371957778930664,,,
47,,3499,,15.201949119567871,,0.8069121241569519,,3.85671329498291,,,
47,,3509,,30.114360809326172,,0.6370306015014648,,5.439623832702637,,,
47,,3519,,30.919971466064453,,0.6511480808258057,,5.537142276763916,,,
47,,3529,,25.230430603027344,,0.6207456588745117,,4.9858198165893555,,,
47,,3539,,27.35725975036621,,0.6032149791717529,,5.199416637420654,,,
47,,3549,,35.53301239013672,,0.7244570851325989,,5.898767471313477,,,
47,,3551,,,,,,,13.334774017333984,0.8416258096694946,3.5823781490325928
47,,3551,25.383798599243164,,0.7097694277763367,,4.950194358825684,,,,
,0.001,3552,,,,,,,,,
48,,3559,,18.827255249023438,,0.8051058650016785,,4.273080825805664,,,
48,,3569,,43.29187774658203,,0.4685693681240082,,6.526649475097656,,,
48,,3579,,19.607009887695312,,0.7660178542137146,,4.4000935554504395,,,
48,,3589,,26.613296508789062,,0.7089784145355225,,5.093988418579102,,,
48,,3599,,29.503591537475586,,0.7078632712364197,,5.374797344207764,,,
48,,3609,,15.225370407104492,,0.7997866868972778,,3.9003286361694336,,,
48,,3619,,34.61572265625,,0.5740394592285156,,5.874307632446289,,,
48,,3625,,,,,,,13.051151275634766,0.8443025350570679,3.552605628967285
48,,3625,24.959287643432617,,0.7106679677963257,,4.912182331085205,,,,
,0.001,3626,,,,,,,,,
49,,3629,,26.526124954223633,,0.7374064922332764,,5.1205525398254395,,,
49,,3639,,27.84673500061035,,0.6692291498184204,,5.224442481994629,,,
49,,3649,,21.50532341003418,,0.7298622727394104,,4.604001522064209,,,
49,,3659,,17.10430335998535,,0.7833728790283203,,4.127521514892578,,,
49,,3669,,23.566551208496094,,0.7511839866638184,,4.826322555541992,,,
49,,3679,,16.041257858276367,,0.8161451816558838,,3.9434008598327637,,,
49,,3689,,14.22891616821289,,0.7995519638061523,,3.7289960384368896,,,
49,,3699,,24.068523406982422,,0.6573597192764282,,4.874919891357422,,,
49,,3699,,,,,,,13.950216293334961,0.8336670398712158,3.6697614192962646
49,,3699,24.52817726135254,,0.7181479930877686,,4.870476245880127,,,,
,0.001,3700,,,,,,,,,
50,,3709,,22.258649826049805,,0.7226276397705078,,4.644754409790039,,,
50,,3719,,19.319290161132812,,0.7820290327072144,,4.350654602050781,,,
50,,3729,,18.3489990234375,,0.7562263607978821,,4.257740020751953,,,
50,,3739,,24.58241081237793,,0.6989686489105225,,4.904259204864502,,,
50,,3749,,24.632389068603516,,0.6620571613311768,,4.902889728546143,,,
50,,3759,,22.306528091430664,,0.6698206067085266,,4.707257270812988,,,
50,,3769,,18.463777542114258,,0.8038581013679504,,4.261213302612305,,,
50,,3773,,,,,,,12.926796913146973,0.8469126224517822,3.5401101112365723
50,,3773,24.365100860595703,,0.7201313376426697,,4.852932929992676,,,,
,0.001,3774,,,,,,,,,
51,,3779,,21.258848190307617,,0.705560028553009,,4.546875476837158,,,
51,,3789,,19.982595443725586,,0.7569347620010376,,4.41615629196167,,,
51,,3799,,26.771839141845703,,0.6173355579376221,,5.109133720397949,,,
51,,3809,,15.678974151611328,,0.838553786277771,,3.946369171142578,,,
51,,3819,,26.84685516357422,,0.5973684787750244,,5.133956432342529,,,
51,,3829,,25.019935607910156,,0.701015293598175,,4.959955215454102,,,
51,,3839,,18.70179557800293,,0.780381441116333,,4.287966728210449,,,
51,,3847,,,,,,,13.863767623901367,0.8353269696235657,3.660566806793213
51,,3847,23.042116165161133,,0.7347119450569153,,4.728743553161621,,,,
,0.001,3848,,,,,,,,,
52,,3849,,28.34180450439453,,0.5810261368751526,,5.257458209991455,,,
52,,3859,,16.43640899658203,,0.815615177154541,,4.047658920288086,,,
52,,3869,,24.685327529907227,,0.7358658313751221,,4.91487979888916,,,
52,,3879,,14.274478912353516,,0.857369601726532,,3.7545382976531982,,,
52,,3889,,31.555156707763672,,0.6848348379135132,,5.579533576965332,,,
52,,3899,,27.44167709350586,,0.6707145571708679,,5.17246150970459,,,
52,,3909,,19.084327697753906,,0.7567923069000244,,4.320591926574707,,,
52,,3919,,32.644222259521484,,0.6375702619552612,,5.6800384521484375,,,
52,,3921,,,,,,,13.747458457946777,0.8371636271476746,3.6272876262664795
52,,3921,23.273771286010742,,0.731447696685791,,4.746275424957275,,,,
,0.001,3922,,,,,,,,,
53,,3929,,23.000911712646484,,0.7626793384552002,,4.748749732971191,,,
53,,3939,,15.440362930297852,,0.8150060772895813,,3.8931796550750732,,,
53,,3949,,16.161699295043945,,0.8367721438407898,,4.011284828186035,,,
53,,3959,,21.054136276245117,,0.7964411973953247,,4.524140357971191,,,
53,,3969,,37.277828216552734,,0.5773722529411316,,6.053194046020508,,,
53,,3979,,14.206335067749023,,0.8695794343948364,,3.714817523956299,,,
53,,3989,,25.041109085083008,,0.7540125846862793,,4.964752197265625,,,
53,,3995,,,,,,,13.407365798950195,0.8403675556182861,3.5814669132232666
53,,3995,21.543018341064453,,0.7557499408721924,,4.565887928009033,,,,
,0.001,3996,,,,,,,,,
54,,3999,,31.35004997253418,,0.647203803062439,,5.539433479309082,,,
54,,4009,,23.460060119628906,,0.7719675898551941,,4.80600643157959,,,
54,,4019,,20.46135139465332,,0.7101024389266968,,4.4836297035217285,,,
54,,4029,,27.904644012451172,,0.6782006025314331,,5.245034694671631,,,
54,,4039,,20.35089874267578,,0.7776944637298584,,4.454464435577393,,,
54,,4049,,16.587766647338867,,0.7933191657066345,,4.031129837036133,,,
54,,4059,,18.758901596069336,,0.8146325945854187,,4.277891159057617,,,
54,,4069,,15.319587707519531,,0.7970932722091675,,3.841531753540039,,,
54,,4069,,,,,,,13.580344200134277,0.8390550017356873,3.592755079269409
54,,4069,22.98667335510254,,0.7358372807502747,,4.726612567901611,,,,
,0.001,4070,,,,,,,,,
55,,4079,,19.156124114990234,,0.7974015474319458,,4.352313041687012,,,
55,,4089,,22.453020095825195,,0.7649461030960083,,4.721129417419434,,,
55,,4099,,23.005468368530273,,0.7675116062164307,,4.755743503570557,,,
55,,4109,,17.25081443786621,,0.8231788873672485,,4.077628135681152,,,
55,,4119,,16.955768585205078,,0.8183496594429016,,4.050750732421875,,,
55,,4129,,18.020612716674805,,0.8026390075683594,,4.198298454284668,,,
55,,4139,,30.38835906982422,,0.36229321360588074,,5.489589691162109,,,
55,,4143,,,,,,,12.902897834777832,0.8468279242515564,3.514788866043091
55,,4143,22.548473358154297,,0.7395945191383362,,4.6736273765563965,,,,
,0.001,4144,,,,,,,,,
56,,4149,,24.11406707763672,,0.776494026184082,,4.892704963684082,,,
56,,4159,,24.0440616607666,,0.7315926551818848,,4.869539260864258,,,
56,,4169,,21.39165687561035,,0.750218391418457,,4.591055870056152,,,
56,,4179,,12.513448715209961,,0.8662499189376831,,3.4888105392456055,,,
56,,4189,,19.02249526977539,,0.7112609148025513,,4.320674896240234,,,
56,,4199,,21.512187957763672,,0.7844278812408447,,4.602520942687988,,,
56,,4209,,20.479917526245117,,0.7232605218887329,,4.482725620269775,,,
56,,4217,,,,,,,12.370416641235352,0.8533072471618652,3.4421534538269043
56,,4217,22.11663818359375,,0.7458363771438599,,4.636665344238281,,,,
,0.001,4218,,,,,,,,,
57,,4219,,15.785863876342773,,0.8527675867080688,,3.880124568939209,,,
57,,4229,,18.222145080566406,,0.7817113399505615,,4.258211135864258,,,
57,,4239,,17.160301208496094,,0.8283223509788513,,4.100493907928467,,,
57,,4249,,19.261436462402344,,0.7968087196350098,,4.314913272857666,,,
57,,4259,,19.19585418701172,,0.7192080020904541,,4.329138278961182,,,
57,,4269,,25.562007904052734,,0.7125608921051025,,4.990091323852539,,,
57,,4279,,16.83253288269043,,0.8252162933349609,,4.088668346405029,,,
57,,4289,,35.0233268737793,,0.6000816822052002,,5.886160850524902,,,
57,,4291,,,,,,,11.918264389038086,0.8583060503005981,3.37717604637146
57,,4291,22.202526092529297,,0.744478702545166,,4.643123149871826,,,,
,0.001,4292,,,,,,,,,
58,,4299,,17.830141067504883,,0.8164368867874146,,4.164938449859619,,,
58,,4309,,12.080916404724121,,0.8579702377319336,,3.4022185802459717,,,
58,,4319,,20.05741310119629,,0.7695367336273193,,4.448318004608154,,,
58,,4329,,17.478092193603516,,0.8545100688934326,,4.129734039306641,,,
58,,4339,,24.581375122070312,,0.6455602645874023,,4.8430094718933105,,,
58,,4349,,27.714868545532227,,0.6973659992218018,,5.202531814575195,,,
58,,4359,,23.730823516845703,,0.7007105350494385,,4.847208023071289,,,
58,,4365,,,,,,,12.032116889953613,0.8578795194625854,3.3978867530822754
58,,4365,21.886274337768555,,0.7497924566268921,,4.6103668212890625,,,,
,0.001,4366,,,,,,,,,
59,,4369,,19.955320358276367,,0.801298975944519,,4.37457799911499,,,
59,,4379,,23.016666412353516,,0.6305096745491028,,4.785440921783447,,,
59,,4389,,21.895923614501953,,0.7245064973831177,,4.6377739906311035,,,
59,,4399,,30.892898559570312,,0.6662799119949341,,5.52835750579834,,,
59,,4409,,22.472381591796875,,0.7346382737159729,,4.723345756530762,,,
59,,4419,,24.43353843688965,,0.7080845236778259,,4.917548179626465,,,
59,,4429,,17.817461013793945,,0.7978723049163818,,4.177197456359863,,,
59,,4439,,16.54958152770996,,0.7657307386398315,,4.049090385437012,,,
59,,4439,,,,,,,11.651334762573242,0.8602272272109985,3.35555362701416
59,,4439,22.77676010131836,,0.7387485504150391,,4.7008442878723145,,,,
,0.001,4440,,,,,,,,,
60,,4449,,21.84750747680664,,0.7768324613571167,,4.645780563354492,,,
60,,4459,,19.591144561767578,,0.7362277507781982,,4.391149044036865,,,
60,,4469,,21.9542293548584,,0.6922304630279541,,4.662019729614258,,,
60,,4479,,23.697349548339844,,0.6996898651123047,,4.820972442626953,,,
60,,4489,,30.7744140625,,0.6034592986106873,,5.527402877807617,,,
60,,4499,,24.402097702026367,,0.6366947889328003,,4.893423080444336,,,
60,,4509,,38.20716094970703,,0.5980030298233032,,6.06697940826416,,,
60,,4513,,,,,,,12.484243392944336,0.8537664413452148,3.460805654525757
60,,4513,22.278318405151367,,0.7439250946044922,,4.640089988708496,,,,
,0.001,4514,,,,,,,,,
61,,4519,,21.432859420776367,,0.6893560290336609,,4.59529972076416,,,
61,,4529,,15.852970123291016,,0.8159030079841614,,3.967313766479492,,,
61,,4539,,19.320087432861328,,0.7177243232727051,,4.379577159881592,,,
61,,4549,,20.342571258544922,,0.78582763671875,,4.477131366729736,,,
61,,4559,,21.990345001220703,,0.760151743888855,,4.646732330322266,,,
61,,4569,,25.37942886352539,,0.7075143456459045,,4.984348297119141,,,
61,,4579,,26.853981018066406,,0.6207748651504517,,5.097210884094238,,,
61,,4587,,,,,,,12.06415843963623,0.8572037816047668,3.397308111190796
61,,4587,22.52042007446289,,0.7403928637504578,,4.665049076080322,,,,
,0.001,4588,,,,,,,,,
62,,4589,,27.136463165283203,,0.6001995801925659,,5.182799339294434,,,
62,,4599,,27.98064422607422,,0.6000695824623108,,5.25101375579834,,,
62,,4609,,21.88671875,,0.7866237163543701,,4.5954742431640625,,,
62,,4619,,33.0821533203125,,0.6653251647949219,,5.704486846923828,,,
62,,4629,,34.48282241821289,,0.5307426452636719,,5.804027557373047,,,
62,,4639,,15.882655143737793,,0.792162299156189,,3.924434185028076,,,
62,,4649,,30.15131378173828,,0.6852529644966125,,5.462336540222168,,,
62,,4659,,16.54073143005371,,0.8068157434463501,,3.9999470710754395,,,
62,,4661,,,,,,,11.860332489013672,0.8583351969718933,3.3777427673339844
62,,4661,22.541101455688477,,0.7437517642974854,,4.673022270202637,,,,
,0.001,4662,,,,,,,,,
63,,4669,,17.828922271728516,,0.7947602272033691,,4.197804927825928,,,
63,,4679,,19.51156234741211,,0.7913417816162109,,4.389171600341797,,,
63,,4689,,23.780399322509766,,0.7515159249305725,,4.826184272766113,,,
63,,4699,,20.083078384399414,,0.7970458269119263,,4.374803066253662,,,
63,,4709,,24.45752716064453,,0.7643767595291138,,4.855121612548828,,,
63,,4719,,17.47226905822754,,0.78726726770401,,4.17344331741333,,,
63,,4729,,15.685934066772461,,0.8061713576316833,,3.940528154373169,,,
63,,4735,,,,,,,12.36218547821045,0.8518487215042114,3.428044319152832
63,,4735,21.973106384277344,,0.7509767413139343,,4.61245059967041,,,,
,0.001,4736,,,,,,,,,
64,,4739,,17.07634925842285,,0.7949270009994507,,4.127554893493652,,,
64,,4749,,20.24886703491211,,0.8002634644508362,,4.431929111480713,,,
64,,4759,,22.580236434936523,,0.7467799186706543,,4.720437049865723,,,
64,,4769,,13.586005210876465,,0.8422090411186218,,3.680492639541626,,,
64,,4779,,18.98652458190918,,0.8152389526367188,,4.326070785522461,,,
64,,4789,,20.673418045043945,,0.7924665212631226,,4.499927043914795,,,
64,,4799,,17.44203758239746,,0.8268367052078247,,4.127643585205078,,,
64,,4809,,18.798542022705078,,0.8022657632827759,,4.33131217956543,,,
64,,4809,,,,,,,11.197001457214355,0.8657623529434204,3.2869601249694824
64,,4809,22.148189544677734,,0.7463812232017517,,4.624624729156494,,,,
,0.001,4810,,,,,,,,,
65,,4819,,18.389087677001953,,0.8383747339248657,,4.248598575592041,,,
65,,4829,,14.322478294372559,,0.8465759754180908,,3.749943733215332,,,
65,,4839,,34.557518005371094,,0.5120606422424316,,5.8229169845581055,,,
65,,4849,,19.52439308166504,,0.8200401067733765,,4.366745948791504,,,
65,,4859,,15.990947723388672,,0.7991613149642944,,3.9337682723999023,,,
65,,4869,,22.603805541992188,,0.7448515892028809,,4.734055519104004,,,
65,,4879,,18.90996551513672,,0.7900430560112,,4.331051349639893,,,
65,,4883,,,,,,,11.814624786376953,0.8596687912940979,3.3695034980773926
65,,4883,21.587419509887695,,0.7525111436843872,,4.568281650543213,,,,
,0.001,4884,,,,,,,,,
66,,4889,,17.965269088745117,,0.7604033946990967,,4.214113712310791,,,
66,,4899,,18.94143295288086,,0.7433785200119019,,4.338387966156006,,,
66,,4909,,31.451183319091797,,0.6358464956283569,,5.581882476806641,,,
66,,4919,,18.512161254882812,,0.7788534164428711,,4.279287338256836,,,
66,,4929,,10.815913200378418,,0.8525481224060059,,3.254776954650879,,,
66,,4939,,17.720136642456055,,0.7788054943084717,,4.193053722381592,,,
66,,4949,,34.32701110839844,,0.6623673439025879,,5.782102584838867,,,
66,,4957,,,,,,,12.11695384979248,0.8555457592010498,3.3981146812438965
66,,4957,20.973167419433594,,0.7615083456039429,,4.502847671508789,,,,
,0.001,4958,,,,,,,,,
67,,4959,,23.911697387695312,,0.7500431537628174,,4.856924057006836,,,
67,,4969,,19.900928497314453,,0.8429584503173828,,4.434899806976318,,,
67,,4979,,21.21128273010254,,0.726722776889801,,4.565471172332764,,,
67,,4989,,24.159543991088867,,0.6693363785743713,,4.899321556091309,,,
67,,4999,,24.650482177734375,,0.6917372941970825,,4.930903911590576,,,
67,,5009,,20.346450805664062,,0.8126707077026367,,4.50008487701416,,,
67,,5019,,21.682849884033203,,0.7521946430206299,,4.591750621795654,,,
67,,5029,,13.220003128051758,,0.8210839033126831,,3.5830602645874023,,,
67,,5031,,,,,,,11.858620643615723,0.8594006299972534,3.375216245651245
67,,5031,22.358644485473633,,0.7439557313919067,,4.649445533752441,,,,
,0.001,5032,,,,,,,,,
68,,5039,,21.718730926513672,,0.784272313117981,,4.640134811401367,,,
68,,5049,,21.666645050048828,,0.7479324340820312,,4.626123905181885,,,
68,,5059,,16.838930130004883,,0.7561389207839966,,4.037776470184326,,,
68,,5069,,19.132474899291992,,0.7609298229217529,,4.335191249847412,,,
68,,5079,,17.828304290771484,,0.7941705584526062,,4.184785842895508,,,
68,,5089,,25.19713592529297,,0.7205990552902222,,4.969140529632568,,,
68,,5099,,13.25837230682373,,0.8464604616165161,,3.618628978729248,,,
68,,5105,,,,,,,12.185397148132324,0.8555207848548889,3.416626214981079
68,,5105,20.254600524902344,,0.7692492008209229,,4.43758487701416,,,,
,0.001,5106,,,,,,,,,
69,,5109,,26.819087982177734,,0.6674281358718872,,5.138411521911621,,,
69,,5119,,15.542661666870117,,0.8326321244239807,,3.885417938232422,,,
69,,5129,,15.60013198852539,,0.8174312710762024,,3.914527416229248,,,
69,,5139,,18.79041290283203,,0.8050199151039124,,4.305675506591797,,,
69,,5149,,13.222504615783691,,0.8728079199790955,,3.602874279022217,,,
69,,5159,,22.09269905090332,,0.7437721490859985,,4.68082332611084,,,
69,,5169,,25.094966888427734,,0.6875951290130615,,4.947945594787598,,,
69,,5179,,21.1254940032959,,0.7851908206939697,,4.581846237182617,,,
69,,5179,,,,,,,11.732071876525879,0.8611072301864624,3.349766731262207
69,,5179,19.9451847076416,,0.7696030139923096,,4.398472309112549,,,,
,0.001,5180,,,,,,,,,
70,,5189,,19.87484359741211,,0.8099204301834106,,4.406618595123291,,,
70,,5199,,12.621757507324219,,0.8281447887420654,,3.5325984954833984,,,
70,,5209,,14.637832641601562,,0.8082756400108337,,3.803305149078369,,,
70,,5219,,17.66057586669922,,0.7851942777633667,,4.194295883178711,,,
70,,5229,,22.73915672302246,,0.7615754008293152,,4.722764015197754,,,
70,,5239,,28.06658363342285,,0.656525194644928,,5.2336626052856445,,,
70,,5249,,20.435781478881836,,0.8124793171882629,,4.454263210296631,,,
70,,5253,,,,,,,12.807251930236816,0.8484733700752258,3.4896655082702637
70,,5253,21.034984588623047,,0.7602424621582031,,4.51094388961792,,,,
,0.001,5254,,,,,,,,,
71,,5259,,21.455684661865234,,0.6813824772834778,,4.617317199707031,,,
71,,5269,,24.218158721923828,,0.7810072898864746,,4.820202827453613,,,
71,,5279,,20.491634368896484,,0.7903109788894653,,4.4992780685424805,,,
71,,5289,,32.36586380004883,,0.6886476278305054,,5.6311821937561035,,,
71,,5299,,25.628841400146484,,0.7067451477050781,,4.990608215332031,,,
71,,5309,,16.560691833496094,,0.8128887414932251,,4.03086519241333,,,
71,,5319,,26.056045532226562,,0.6944712996482849,,5.053476810455322,,,
71,,5327,,,,,,,11.88500690460205,0.8599687218666077,3.3623087406158447
71,,5327,21.264699935913086,,0.7558108568191528,,4.5259199142456055,,,,
,0.001,5328,,,,,,,,,
72,,5329,,17.538970947265625,,0.7408723831176758,,4.152771949768066,,,
72,,5339,,22.09137725830078,,0.7136858105659485,,4.668000221252441,,,
72,,5349,,19.062931060791016,,0.7830431461334229,,4.353998184204102,,,
72,,5359,,19.115310668945312,,0.7650095224380493,,4.353570461273193,,,
72,,5369,,26.25434112548828,,0.7934508919715881,,5.057395935058594,,,
72,,5379,,23.43039894104004,,0.7308332920074463,,4.826574802398682,,,
72,,5389,,19.07552146911621,,0.7796974778175354,,4.320638656616211,,,
72,,5399,,15.16955280303955,,0.825053334236145,,3.8828258514404297,,,
72,,5401,,,,,,,11.617856979370117,0.8635130524635315,3.3256382942199707
72,,5401,20.760663986206055,,0.7612519264221191,,4.4817376136779785,,,,
,0.001,5402,,,,,,,,,
73,,5409,,13.457708358764648,,0.8401925563812256,,3.6439764499664307,,,
73,,5419,,21.952404022216797,,0.7763025760650635,,4.586542129516602,,,
73,,5429,,16.86136245727539,,0.8022924661636353,,4.075457572937012,,,
73,,5439,,20.248302459716797,,0.8100556135177612,,4.4383225440979,,,
73,,5449,,18.580942153930664,,0.8243507146835327,,4.27771520614624,,,
73,,5459,,12.502199172973633,,0.8595706224441528,,3.5217337608337402,,,
73,,5469,,25.093090057373047,,0.7663395404815674,,4.991924285888672,,,
73,,5475,,,,,,,11.85732364654541,0.8602001667022705,3.36081600189209
73,,5475,21.52202033996582,,0.7515977025032043,,4.56346321105957,,,,
,0.001,5476,,,,,,,,,
74,,5479,,23.825611114501953,,0.7266316413879395,,4.851048469543457,,,
74,,5489,,20.955368041992188,,0.786899209022522,,4.508843898773193,,,
74,,5499,,17.137893676757812,,0.803417444229126,,4.139348983764648,,,
74,,5509,,20.335613250732422,,0.7686383724212646,,4.476721286773682,,,
74,,5519,,18.638166427612305,,0.7953058481216431,,4.298722743988037,,,
74,,5529,,29.423952102661133,,0.6232959032058716,,5.378683090209961,,,
74,,5539,,14.7239990234375,,0.8477290272712708,,3.8134894371032715,,,
74,,5549,,21.483976364135742,,0.7875217199325562,,4.554206848144531,,,
74,,5549,,,,,,,11.419000625610352,0.8648639917373657,3.311781167984009
74,,5549,20.79172706604004,,0.7607334852218628,,4.473499298095703,,,,
,0.001,5550,,,,,,,,,
75,,5559,,17.161304473876953,,0.8649035692214966,,4.112072467803955,,,
75,,5569,,20.952823638916016,,0.7593695521354675,,4.535684108734131,,,
75,,5579,,24.490991592407227,,0.7198866605758667,,4.889723300933838,,,
75,,5589,,19.767654418945312,,0.7631986141204834,,4.377652645111084,,,
75,,5599,,21.142864227294922,,0.716583788394928,,4.560171604156494,,,
75,,5609,,30.06101417541504,,0.7772148847579956,,5.431946754455566,,,
75,,5619,,18.358680725097656,,0.7202117443084717,,4.262781620025635,,,
75,,5623,,,,,,,10.4296293258667,0.8761444687843323,3.1681461334228516
75,,5623,20.959651947021484,,0.7594695091247559,,4.503840923309326,,,,
,0.001,5624,,,,,,,,,
76,,5629,,21.19424819946289,,0.7960604429244995,,4.550512313842773,,,
76,,5639,,10.859142303466797,,0.8642135858535767,,3.2725772857666016,,,
76,,5649,,18.264238357543945,,0.7591689825057983,,4.25999641418457,,,
76,,5659,,17.427539825439453,,0.836860179901123,,4.115270137786865,,,
76,,5669,,12.172575950622559,,0.8531259894371033,,3.425175666809082,,,
76,,5679,,27.05144691467285,,0.5814589262008667,,5.153921127319336,,,
76,,5689,,21.800294876098633,,0.7903164029121399,,4.635951995849609,,,
76,,5697,,,,,,,11.784173011779785,0.8613636493682861,3.3504979610443115
76,,5697,20.090761184692383,,0.7711442112922668,,4.409397602081299,,,,
,0.001,5698,,,,,,,,,
77,,5699,,17.54901123046875,,0.8068690299987793,,4.158288955688477,,,
77,,5709,,18.18038558959961,,0.8221642374992371,,4.210339546203613,,,
77,,5719,,26.94549560546875,,0.7271010875701904,,5.098695755004883,,,
77,,5729,,20.424030303955078,,0.769756555557251,,4.455318927764893,,,
77,,5739,,16.289127349853516,,0.8310564756393433,,4.002287864685059,,,
77,,5749,,15.999818801879883,,0.826000452041626,,3.964862585067749,,,
77,,5759,,16.06513214111328,,0.8187098503112793,,3.953374147415161,,,
77,,5769,,14.586709976196289,,0.8398244380950928,,3.7752695083618164,,,
77,,5771,,,,,,,10.958413124084473,0.8699452877044678,3.240262746810913
77,,5771,19.66071128845215,,0.776775598526001,,4.370863914489746,,,,
,0.001,5772,,,,,,,,,
78,,5779,,15.105452537536621,,0.8058663010597229,,3.8568005561828613,,,
78,,5789,,18.347091674804688,,0.7942363023757935,,4.268592357635498,,,
78,,5799,,14.046113967895508,,0.8352220058441162,,3.701768636703491,,,
78,,5809,,17.58577537536621,,0.8375871181488037,,4.143957614898682,,,
78,,5819,,17.769075393676758,,0.8058316707611084,,4.167913913726807,,,
78,,5829,,25.042198181152344,,0.7750475406646729,,4.939766883850098,,,
78,,5839,,24.293556213378906,,0.7982423305511475,,4.846306324005127,,,
78,,5845,,,,,,,11.67877197265625,0.8608542084693909,3.351200819015503
78,,5845,19.748620986938477,,0.7718139886856079,,4.358998775482178,,,,
,0.001,5846,,,,,,,,,
79,,5849,,25.76180076599121,,0.6642141938209534,,5.037751197814941,,,
79,,5859,,15.269610404968262,,0.7957651615142822,,3.8911783695220947,,,
79,,5869,,21.055835723876953,,0.796743631362915,,4.423482894897461,,,
79,,5879,,32.303466796875,,0.5729572772979736,,5.649396896362305,,,
79,,5889,,16.60413932800293,,0.7960418462753296,,4.025184631347656,,,
79,,5899,,19.132844924926758,,0.7941076755523682,,4.335060119628906,,,
79,,5909,,16.71681022644043,,0.7916644811630249,,4.066431999206543,,,
79,,5919,,31.460041046142578,,0.5940996408462524,,5.584155082702637,,,
79,,5919,,,,,,,11.338971138000488,0.8657666444778442,3.279733419418335
79,,5919,20.319950103759766,,0.7688342928886414,,4.425876140594482,,,,
,0.001,5920,,,,,,,,,
80,,5929,,19.727005004882812,,0.7921422123908997,,4.391839981079102,,,
80,,5939,,34.20506286621094,,0.5294708013534546,,5.770177841186523,,,
80,,5949,,17.479095458984375,,0.78952956199646,,4.137394905090332,,,
80,,5959,,19.53226089477539,,0.7400631308555603,,4.384296417236328,,,
80,,5969,,17.125102996826172,,0.8252912759780884,,4.089580535888672,,,
80,,5979,,14.898565292358398,,0.843140721321106,,3.8300344944000244,,,
80,,5989,,22.266599655151367,,0.7382400035858154,,4.692500114440918,,,
80,,5993,,,,,,,10.56484317779541,0.8743144273757935,3.1906497478485107
80,,5993,21.53356170654297,,0.753101646900177,,4.549530029296875,,,,
,0.001,5994,,,,,,,,,
81,,5999,,25.46637725830078,,0.7443880438804626,,5.01910400390625,,,
81,,6009,,26.232004165649414,,0.7399531602859497,,5.087388515472412,,,
81,,6019,,23.879623413085938,,0.7836738228797913,,4.798467636108398,,,
81,,6029,,18.852867126464844,,0.7857900261878967,,4.309116840362549,,,
81,,6039,,13.005454063415527,,0.8471114039421082,,3.5475873947143555,,,
81,,6049,,23.44234848022461,,0.7824932932853699,,4.778428077697754,,,
81,,6059,,29.354991912841797,,0.5715198516845703,,5.368807792663574,,,
81,,6067,,,,,,,10.284711837768555,0.8772342801094055,3.1348650455474854
81,,6067,19.282472610473633,,0.777711808681488,,4.31272029876709,,,,
,0.001,6068,,,,,,,,,
82,,6069,,16.095993041992188,,0.818160891532898,,3.9916181564331055,,,
82,,6079,,24.388282775878906,,0.743801474571228,,4.915320873260498,,,
82,,6089,,17.839115142822266,,0.8100252151489258,,4.156590938568115,,,
82,,6099,,14.956899642944336,,0.8149861693382263,,3.8338475227355957,,,
82,,6109,,18.888187408447266,,0.8237454891204834,,4.2685627937316895,,,
82,,6119,,15.320690155029297,,0.7991189956665039,,3.8824291229248047,,,
82,,6129,,19.851165771484375,,0.7988725304603577,,4.41807222366333,,,
82,,6139,,24.66485595703125,,0.7177721261978149,,4.925286293029785,,,
82,,6141,,,,,,,11.144001960754395,0.8676498532295227,3.241326332092285
82,,6141,18.6148738861084,,0.7862570285797119,,4.248284339904785,,,,
,0.001,6142,,,,,,,,,
83,,6149,,18.000614166259766,,0.8128610849380493,,4.200763702392578,,,
83,,6159,,20.011476516723633,,0.8181048631668091,,4.435600280761719,,,
83,,6169,,14.16710090637207,,0.807895302772522,,3.7523672580718994,,,
83,,6179,,18.985994338989258,,0.7634164094924927,,4.321896076202393,,,
83,,6189,,15.668679237365723,,0.8400915265083313,,3.933516502380371,,,
83,,6199,,16.402782440185547,,0.7788997888565063,,3.9861972332000732,,,
83,,6209,,25.96506690979004,,0.6922742128372192,,5.0235114097595215,,,
83,,6215,,,,,,,10.01652717590332,0.8814187049865723,3.089118719100952
83,,6215,19.99665641784668,,0.7716977000236511,,4.402024745941162,,,,
,0.001,6216,,,,,,,,,
84,,6219,,13.747221946716309,,0.8723210692405701,,3.6689720153808594,,,
84,,6229,,25.667570114135742,,0.6396600008010864,,5.03504753112793,,,
84,,6239,,22.39532470703125,,0.7475343942642212,,4.686799049377441,,,
84,,6249,,25.694761276245117,,0.5483459830284119,,5.029842376708984,,,
84,,6259,,19.082504272460938,,0.8100974559783936,,4.356839179992676,,,
84,,6269,,12.493865013122559,,0.8711361885070801,,3.488708019256592,,,
84,,6279,,22.419437408447266,,0.7463294267654419,,4.718726634979248,,,
84,,6289,,41.043392181396484,,0.4925249218940735,,6.3870744705200195,,,
84,,6289,,,,,,,10.328605651855469,0.8776662349700928,3.135406255722046
84,,6289,19.668867111206055,,0.7737097144126892,,4.354047775268555,,,,
,0.001,6290,,,,,,,,,
85,,6299,,15.463562965393066,,0.8068827390670776,,3.9046807289123535,,,
85,,6309,,19.758548736572266,,0.7318580150604248,,4.42615270614624,,,
85,,6319,,17.08075523376465,,0.8069390058517456,,4.033947467803955,,,
85,,6329,,14.50046157836914,,0.8183679580688477,,3.781548023223877,,,
85,,6339,,9.525461196899414,,0.897864580154419,,3.0610761642456055,,,
85,,6349,,12.988668441772461,,0.8723366260528564,,3.563934803009033,,,
85,,6359,,20.338945388793945,,0.6722269654273987,,4.48423957824707,,,
85,,6363,,,,,,,10.644543647766113,0.8741607666015625,3.174689531326294
85,,6363,19.22920799255371,,0.7810001373291016,,4.316247940063477,,,,
,0.001,6364,,,,,,,,,
86,,6369,,19.291296005249023,,0.7719249129295349,,4.300051689147949,,,
86,,6379,,23.169662475585938,,0.6684011220932007,,4.768504619598389,,,
86,,6389,,17.85396957397461,,0.7649247050285339,,4.198520183563232,,,
86,,6399,,17.438678741455078,,0.7527287602424622,,4.164346694946289,,,
86,,6409,,14.24927043914795,,0.82347571849823,,3.7713429927825928,,,
86,,6419,,15.390510559082031,,0.8411471247673035,,3.8570051193237305,,,
86,,6429,,19.0485897064209,,0.7875953912734985,,4.320778846740723,,,
86,,6437,,,,,,,10.842524528503418,0.8713871836662292,3.2092883586883545
86,,6437,18.837627410888672,,0.7826745510101318,,4.2735748291015625,,,,
,0.001,6438,,,,,,,,,
87,,6439,,43.0890998840332,,0.5746563076972961,,6.470125198364258,,,
87,,6449,,13.190342903137207,,0.866578221321106,,3.6153087615966797,,,
87,,6459,,13.958115577697754,,0.7857861518859863,,3.7088847160339355,,,
87,,6469,,14.861677169799805,,0.835105299949646,,3.839550018310547,,,
87,,6479,,23.965314865112305,,0.7726683020591736,,4.856113433837891,,,
87,,6489,,15.32840633392334,,0.8530266284942627,,3.8727118968963623,,,
87,,6499,,29.29454231262207,,0.6573465466499329,,5.334545135498047,,,
87,,6509,,14.499837875366211,,0.8483766317367554,,3.785378932952881,,,
87,,6511,,,,,,,10.671746253967285,0.8736372590065002,3.183600902557373
87,,6511,19.45692253112793,,0.7768508195877075,,4.314390182495117,,,,
,0.001,6512,,,,,,,,,
88,,6519,,24.072572708129883,,0.7083612680435181,,4.901358604431152,,,
88,,6529,,16.585655212402344,,0.7910747528076172,,4.053656578063965,,,
88,,6539,,18.30547332763672,,0.8177608251571655,,4.249742031097412,,,
88,,6549,,27.529056549072266,,0.7283681035041809,,5.183957099914551,,,
88,,6559,,13.700057983398438,,0.8547353148460388,,3.6828181743621826,,,
88,,6569,,22.74716567993164,,0.7761272192001343,,4.760222434997559,,,
88,,6579,,24.77151870727539,,0.7121478319168091,,4.953378677368164,,,
88,,6585,,,,,,,10.247729301452637,0.8788787126541138,3.126706600189209
88,,6585,18.764583587646484,,0.7830216288566589,,4.251837730407715,,,,
,0.001,6586,,,,,,,,,
89,,6589,,15.69554615020752,,0.8100080490112305,,3.9424567222595215,,,
89,,6599,,24.453847885131836,,0.6823350191116333,,4.9362921714782715,,,
89,,6609,,16.334205627441406,,0.8173065781593323,,4.01751708984375,,,
89,,6619,,19.008831024169922,,0.8399089574813843,,4.291107654571533,,,
89,,6629,,12.242044448852539,,0.8655006885528564,,3.4591450691223145,,,
89,,6639,,23.24197006225586,,0.7564533948898315,,4.784385681152344,,,
89,,6649,,16.833345413208008,,0.7281061410903931,,4.0611138343811035,,,
89,,6659,,9.412047386169434,,0.8831340074539185,,3.067506790161133,,,
89,,6659,,,,,,,10.045097351074219,0.8805378079414368,3.088334560394287
89,,6659,19.382293701171875,,0.7770076394081116,,4.315240383148193,,,,
,0.001,6660,,,,,,,,,
90,,6669,,19.193458557128906,,0.805911660194397,,4.333164215087891,,,
90,,6679,,20.127038955688477,,0.8011205196380615,,4.4261908531188965,,,
90,,6689,,17.479480743408203,,0.7718296647071838,,4.117198944091797,,,
90,,6699,,18.601394653320312,,0.8209517002105713,,4.296162128448486,,,
90,,6709,,15.221205711364746,,0.8416318297386169,,3.8779261112213135,,,
90,,6719,,11.251623153686523,,0.8714644908905029,,3.303541660308838,,,
90,,6729,,9.013357162475586,,0.8842486143112183,,2.9938788414001465,,,
90,,6733,,,,,,,11.308412551879883,0.8663840889930725,3.277106761932373
90,,6733,19.1747989654541,,0.7820107340812683,,4.298110008239746,,,,
,0.001,6734,,,,,,,,,
91,,6739,,8.561957359313965,,0.8750471472740173,,2.9228079319000244,,,
91,,6749,,13.555123329162598,,0.8316609859466553,,3.660640239715576,,,
91,,6759,,10.03130054473877,,0.8768171668052673,,3.1410975456237793,,,
91,,6769,,21.253660202026367,,0.7273510694503784,,4.554747581481934,,,
91,,6779,,17.668983459472656,,0.8065578937530518,,4.16594123840332,,,
91,,6789,,16.422025680541992,,0.8109171390533447,,4.009886741638184,,,
91,,6799,,16.267536163330078,,0.8134826421737671,,4.0113420486450195,,,
91,,6807,,,,,,,10.164449691772461,0.8806584477424622,3.0972282886505127
91,,6807,18.47520637512207,,0.788545548915863,,4.223797798156738,,,,
,0.001,6808,,,,,,,,,
92,,6809,,18.08236312866211,,0.7853875756263733,,4.213173866271973,,,
92,,6819,,21.071819305419922,,0.7856404185295105,,4.555708408355713,,,
92,,6829,,24.95803451538086,,0.7642871737480164,,4.930087089538574,,,
92,,6839,,18.274930953979492,,0.7965564727783203,,4.221292495727539,,,
92,,6849,,13.108560562133789,,0.8521448373794556,,3.603088140487671,,,
92,,6859,,17.18614387512207,,0.8431057333946228,,4.033857345581055,,,
92,,6869,,14.66193962097168,,0.8605656623840332,,3.781515121459961,,,
92,,6879,,13.300405502319336,,0.8506020903587341,,3.601121187210083,,,
92,,6881,,,,,,,11.201943397521973,0.8667446970939636,3.269205331802368
92,,6881,19.580942153930664,,0.7765828371047974,,4.360546112060547,,,,
,0.001,6882,,,,,,,,,
93,,6889,,18.302949905395508,,0.830012321472168,,4.257009029388428,,,
93,,6899,,15.39564323425293,,0.8472126722335815,,3.9224743843078613,,,
93,,6909,,19.26076889038086,,0.7834857702255249,,4.310400009155273,,,
93,,6919,,15.916704177856445,,0.7944566011428833,,3.960815668106079,,,
93,,6929,,16.5249080657959,,0.8385310173034668,,4.012272357940674,,,
93,,6939,,22.301130294799805,,0.8068243861198425,,4.671565532684326,,,
93,,6949,,20.77701759338379,,0.7824499011039734,,4.50877046585083,,,
93,,6955,,,,,,,11.661439895629883,0.8626981973648071,3.3100805282592773
93,,6955,19.661474227905273,,0.7733328938484192,,4.365816116333008,,,,
,0.001,6956,,,,,,,,,
94,,6959,,15.157639503479004,,0.7859772443771362,,3.8777804374694824,,,
94,,6969,,16.321123123168945,,0.7691608667373657,,4.02142858505249,,,
94,,6979,,18.155284881591797,,0.8012344837188721,,4.238626956939697,,,
94,,6989,,15.282719612121582,,0.8059215545654297,,3.8726258277893066,,,
94,,6999,,39.99107360839844,,0.5207793116569519,,6.253207683563232,,,
94,,7009,,15.060365676879883,,0.8463940620422363,,3.8603129386901855,,,
94,,7019,,13.657259941101074,,0.7908916473388672,,3.6867406368255615,,,
94,,7029,,19.809297561645508,,0.7819739580154419,,4.419200897216797,,,
94,,7029,,,,,,,10.844879150390625,0.8727257251739502,3.2141916751861572
94,,7029,19.31300926208496,,0.7772926092147827,,4.318934917449951,,,,
,0.001,7030,,,,,,,,,
95,,7039,,16.702585220336914,,0.7808288335800171,,4.067197799682617,,,
95,,7049,,16.776391983032227,,0.7968980073928833,,4.069421768188477,,,
95,,7059,,24.827512741088867,,0.759240984916687,,4.931658744812012,,,
95,,7069,,13.719722747802734,,0.8587734699249268,,3.6683647632598877,,,
95,,7079,,20.17147445678711,,0.7337851524353027,,4.425554275512695,,,
95,,7089,,22.216365814208984,,0.7422363758087158,,4.685809135437012,,,
95,,7099,,18.907894134521484,,0.7446212768554688,,4.301525592803955,,,
95,,7103,,,,,,,10.367856979370117,0.8769981861114502,3.129575729370117
95,,7103,18.925737380981445,,0.7848457098007202,,4.280707836151123,,,,
,0.001,7104,,,,,,,,,
96,,7109,,15.16987419128418,,0.8377916812896729,,3.8427116870880127,,,
96,,7119,,22.465909957885742,,0.7724291086196899,,4.679734230041504,,,
96,,7129,,18.961551666259766,,0.7818047404289246,,4.307251930236816,,,
96,,7139,,18.566505432128906,,0.729431688785553,,4.287303924560547,,,
96,,7149,,19.63622283935547,,0.7573522329330444,,4.377703666687012,,,
96,,7159,,19.060270309448242,,0.8119734525680542,,4.340246677398682,,,
96,,7169,,20.3856201171875,,0.7506940364837646,,4.492683410644531,,,
96,,7177,,,,,,,9.636346817016602,0.8855188488960266,3.03132963180542
96,,7177,18.836145401000977,,0.7847495079040527,,4.267361640930176,,,,
,0.001,7178,,,,,,,,,
97,,7179,,27.839019775390625,,0.6613044738769531,,5.232367515563965,,,
97,,7189,,16.3254451751709,,0.8200548887252808,,4.030550956726074,,,
97,,7199,,15.042547225952148,,0.8297867774963379,,3.8638882637023926,,,
97,,7209,,21.976470947265625,,0.7683382034301758,,4.67213249206543,,,
97,,7219,,12.972453117370605,,0.8605220913887024,,3.5582351684570312,,,
97,,7229,,19.58489227294922,,0.7782018184661865,,4.37930965423584,,,
97,,7239,,15.11240005493164,,0.8365169763565063,,3.812257766723633,,,
97,,7249,,16.967947006225586,,0.805814802646637,,4.062840938568115,,,
97,,7251,,,,,,,9.645672798156738,0.8848053216934204,3.021456718444824
97,,7251,18.82330894470215,,0.780957043170929,,4.268238067626953,,,,
,0.001,7252,,,,,,,,,
98,,7259,,11.532181739807129,,0.8411038517951965,,3.389324188232422,,,
98,,7269,,14.881044387817383,,0.7887064218521118,,3.8340213298797607,,,
98,,7279,,14.922051429748535,,0.8407307863235474,,3.836334466934204,,,
98,,7289,,17.288665771484375,,0.81363445520401,,4.13069486618042,,,
98,,7299,,18.216716766357422,,0.7503023147583008,,4.217449188232422,,,
98,,7309,,20.31749725341797,,0.7952877283096313,,4.457117080688477,,,
98,,7319,,21.137161254882812,,0.8155291080474854,,4.576380729675293,,,
98,,7325,,,,,,,9.033882141113281,0.8926563262939453,2.915978193283081
98,,7325,18.691850662231445,,0.7878955006599426,,4.238751411437988,,,,
,0.001,7326,,,,,,,,,
99,,7329,,20.973180770874023,,0.7269034385681152,,4.507284641265869,,,
99,,7339,,11.078595161437988,,0.8544952869415283,,3.3158140182495117,,,
99,,7349,,15.381683349609375,,0.8188055753707886,,3.886630058288574,,,
99,,7359,,17.658287048339844,,0.7717971801757812,,4.1627044677734375,,,
99,,7369,,18.12749481201172,,0.8175300359725952,,4.251192092895508,,,
99,,7379,,20.01050567626953,,0.7735888361930847,,4.430638790130615,,,
99,,7389,,12.850887298583984,,0.8508597612380981,,3.555922031402588,,,
99,,7399,,18.375097274780273,,0.769733726978302,,4.270381927490234,,,
99,,7399,,,,,,,10.034378051757812,0.8802399039268494,3.077167272567749
99,,7399,17.95665168762207,,0.7954177856445312,,4.1739397048950195,,,,
,0.001,7400,,,,,,,,,
100,,7409,,21.666118621826172,,0.7736912965774536,,4.58359432220459,,,
100,,7419,,15.463516235351562,,0.7977685928344727,,3.8730483055114746,,,
100,,7429,,24.223909378051758,,0.7616802453994751,,4.9062299728393555,,,
100,,7439,,16.4249324798584,,0.8224869966506958,,3.996293544769287,,,
100,,7449,,18.978029251098633,,0.7912631630897522,,4.327378273010254,,,
100,,7459,,15.367339134216309,,0.8268905878067017,,3.8759937286376953,,,
100,,7469,,17.11145782470703,,0.8081455826759338,,4.108813285827637,,,
100,,7473,,,,,,,9.24007797241211,0.8913782835006714,2.9591643810272217
100,,7473,18.95201873779297,,0.7850160598754883,,4.276139736175537,,,,
,0.001,7474,,,,,,,,,
101,,7479,,16.830204010009766,,0.7960063219070435,,4.0916829109191895,,,
101,,7489,,11.98013973236084,,0.852641761302948,,3.452317714691162,,,
101,,7499,,19.071277618408203,,0.755223274230957,,4.350467205047607,,,
101,,7509,,32.32868194580078,,0.6754549145698547,,5.616546154022217,,,
101,,7519,,16.880111694335938,,0.811416506767273,,4.0657877922058105,,,
101,,7529,,17.00136947631836,,0.7469906210899353,,4.091268539428711,,,
101,,7539,,17.644926071166992,,0.7998167276382446,,4.153410911560059,,,
101,,7547,,,,,,,9.923224449157715,0.8826635479927063,3.0681941509246826
101,,7547,18.011669158935547,,0.7922007441520691,,4.174217700958252,,,,
,0.001,7548,,,,,,,,,
102,,7549,,17.158926010131836,,0.7948038578033447,,4.092496871948242,,,
102,,7559,,17.907957077026367,,0.7791178226470947,,4.204920768737793,,,
102,,7569,,17.879467010498047,,0.8247540593147278,,4.174234390258789,,,
102,,7579,,23.721614837646484,,0.7265223264694214,,4.856304168701172,,,
102,,7589,,17.19696044921875,,0.7928664684295654,,4.095975399017334,,,
102,,7599,,12.785091400146484,,0.8459245562553406,,3.5065698623657227,,,
102,,7609,,28.61509895324707,,0.6891614198684692,,5.325753211975098,,,
102,,7619,,16.817920684814453,,0.8466048836708069,,4.0752482414245605,,,
102,,7621,,,,,,,9.47158145904541,0.8884959816932678,2.981768846511841
102,,7621,19.048189163208008,,0.7793033719062805,,4.292446613311768,,,,
,0.001,7622,,,,,,,,,
103,,7629,,13.730119705200195,,0.8306409120559692,,3.6679887771606445,,,
103,,7639,,9.967082977294922,,0.8898637294769287,,3.152879238128662,,,
103,,7649,,14.402168273925781,,0.8321591019630432,,3.759127140045166,,,
103,,7659,,18.660938262939453,,0.8043484687805176,,4.291467189788818,,,
103,,7669,,14.502677917480469,,0.8498926162719727,,3.7610347270965576,,,
103,,7679,,19.553056716918945,,0.78139328956604,,4.398713111877441,,,
103,,7689,,24.1165714263916,,0.7282607555389404,,4.869250297546387,,,
103,,7695,,,,,,,8.579222679138184,0.898294985294342,2.8495943546295166
103,,7695,18.596529006958008,,0.7861878871917725,,4.242995262145996,,,,
,0.001,7696,,,,,,,,,
104,,7699,,18.609052658081055,,0.804364800453186,,4.28744649887085,,,
104,,7709,,27.574708938598633,,0.6351718902587891,,5.223413467407227,,,
104,,7719,,13.785472869873047,,0.8750182390213013,,3.655946731567383,,,
104,,7729,,19.550106048583984,,0.8000003099441528,,4.398324966430664,,,
104,,7739,,11.36114501953125,,0.8326961398124695,,3.342043876647949,,,
104,,7749,,19.31684112548828,,0.7897739410400391,,4.370074272155762,,,
104,,7759,,19.850980758666992,,0.7417544722557068,,4.413058280944824,,,
104,,7769,,24.7039794921875,,0.7553839683532715,,4.9461750984191895,,,
104,,7769,,,,,,,9.042305946350098,0.893832266330719,2.9248151779174805
104,,7769,17.52830696105957,,0.7995955348014832,,4.1194915771484375,,,,
,0.001,7770,,,,,,,,,
105,,7779,,16.26394271850586,,0.7846693992614746,,3.960139513015747,,,
105,,7789,,26.61901092529297,,0.7049916982650757,,5.139057636260986,,,
105,,7799,,14.103219985961914,,0.8485492467880249,,3.718794584274292,,,
105,,7809,,17.37213134765625,,0.8370265960693359,,4.122280120849609,,,
105,,7819,,16.995668411254883,,0.7896223664283752,,4.107029914855957,,,
105,,7829,,11.964542388916016,,0.8563284277915955,,3.4475178718566895,,,
105,,7839,,14.784175872802734,,0.8260421752929688,,3.8243584632873535,,,
105,,7843,,,,,,,8.577474594116211,0.8991115093231201,2.8592519760131836
105,,7843,17.2164249420166,,0.8040615916252136,,4.078301429748535,,,,
,0.001,7844,,,,,,,,,
106,,7849,,14.91559886932373,,0.8416460752487183,,3.8435781002044678,,,
106,,7859,,19.029197692871094,,0.8047382831573486,,4.304257869720459,,,
106,,7869,,20.12133026123047,,0.7701891660690308,,4.407576560974121,,,
106,,7879,,16.297161102294922,,0.8170157074928284,,3.9814558029174805,,,
106,,7889,,16.084306716918945,,0.8329459428787231,,3.9653806686401367,,,
106,,7899,,21.002365112304688,,0.809386134147644,,4.565338134765625,,,
106,,7909,,19.02025032043457,,0.8175756931304932,,4.282711505889893,,,
106,,7917,,,,,,,10.428431510925293,0.8780219554901123,3.126904249191284
106,,7917,18.798954010009766,,0.7842749953269958,,4.244602680206299,,,,
,0.001,7918,,,,,,,,,
107,,7919,,11.517281532287598,,0.8211235404014587,,3.3898866176605225,,,
107,,7929,,19.57271957397461,,0.7688964605331421,,4.384706020355225,,,
107,,7939,,15.638254165649414,,0.8105682134628296,,3.930859088897705,,,
107,,7949,,18.422954559326172,,0.8054945468902588,,4.253576278686523,,,
107,,7959,,13.021575927734375,,0.7807410955429077,,3.567823648452759,,,
107,,7969,,15.824686050415039,,0.8358793258666992,,3.9379873275756836,,,
107,,7979,,19.313623428344727,,0.7676433324813843,,4.35159969329834,,,
107,,7989,,13.784196853637695,,0.8583755493164062,,3.683511257171631,,,
107,,7991,,,,,,,9.09570026397705,0.8927225470542908,2.9366111755371094
107,,7991,17.699172973632812,,0.7994915843009949,,4.137360572814941,,,,
,0.001,7992,,,,,,,,,
108,,7999,,12.452150344848633,,0.8619579076766968,,3.5149755477905273,,,
108,,8009,,28.252037048339844,,0.6822602152824402,,5.291323661804199,,,
108,,8019,,13.333114624023438,,0.8633046746253967,,3.6194663047790527,,,
108,,8029,,15.390766143798828,,0.8145267963409424,,3.9113264083862305,,,
108,,8039,,21.144119262695312,,0.767419159412384,,4.564563751220703,,,
108,,8049,,19.563812255859375,,0.7739818692207336,,4.364203453063965,,,
108,,8059,,22.43309783935547,,0.7861756086349487,,4.708442211151123,,,
108,,8065,,,,,,,10.9093656539917,0.8725146651268005,3.1846132278442383
108,,8065,18.410852432250977,,0.7860068082809448,,4.210464000701904,,,,
,0.001,8066,,,,,,,,,
109,,8069,,24.509063720703125,,0.4705294668674469,,4.8823394775390625,,,
109,,8079,,9.756068229675293,,0.8583608269691467,,3.098909854888916,,,
109,,8089,,14.475381851196289,,0.8446369767189026,,3.756685256958008,,,
109,,8099,,16.00033950805664,,0.8685973882675171,,3.920940399169922,,,
109,,8109,,20.034040451049805,,0.7796909809112549,,4.423820495605469,,,
109,,8119,,21.883779525756836,,0.8074867725372314,,4.6451897621154785,,,
109,,8129,,13.84277057647705,,0.8523693084716797,,3.6978588104248047,,,
109,,8139,,18.28782844543457,,0.8343093991279602,,4.237730026245117,,,
109,,8139,,,,,,,9.055027961730957,0.8926202058792114,2.9280037879943848
109,,8139,17.217302322387695,,0.802784264087677,,4.062510013580322,,,,
,0.001,8140,,,,,,,,,
110,,8149,,15.999272346496582,,0.8531153202056885,,3.9751691818237305,,,
110,,8159,,25.112455368041992,,0.7125227451324463,,4.988467216491699,,,
110,,8169,,17.97336196899414,,0.753445029258728,,4.226631164550781,,,
110,,8179,,18.353858947753906,,0.8058319091796875,,4.273665428161621,,,
110,,8189,,24.32501983642578,,0.7279459238052368,,4.894728660583496,,,
110,,8199,,19.386075973510742,,0.7994813919067383,,4.36460018157959,,,
110,,8209,,13.186546325683594,,0.8669583201408386,,3.600576400756836,,,
110,,8213,,,,,,,9.713991165161133,0.8868844509124756,3.0091910362243652
110,,8213,18.25143814086914,,0.7915927171707153,,4.198904991149902,,,,
,0.001,8214,,,,,,,,,
111,,8219,,18.048620223999023,,0.7789454460144043,,4.176431655883789,,,
111,,8229,,15.46533203125,,0.8399685621261597,,3.8817739486694336,,,
111,,8239,,16.174776077270508,,0.8498150706291199,,4.002592086791992,,,
111,,8249,,17.238258361816406,,0.8023249506950378,,4.105350494384766,,,
111,,8259,,12.844610214233398,,0.875738263130188,,3.53973388671875,,,
111,,8269,,18.862545013427734,,0.759318470954895,,4.3226776123046875,,,
111,,8279,,23.93885040283203,,0.7460853457450867,,4.870973587036133,,,
111,,8287,,,,,,,8.681112289428711,0.8967402577400208,2.870590925216675
111,,8287,17.450960159301758,,0.8010808229446411,,4.107980251312256,,,,
,0.001,8288,,,,,,,,,
112,,8289,,15.79217529296875,,0.8582781553268433,,3.9541430473327637,,,
112,,8299,,18.49595069885254,,0.7756533026695251,,4.243781566619873,,,
112,,8309,,17.601470947265625,,0.7880399227142334,,4.179861068725586,,,
112,,8319,,16.66926383972168,,0.7835327386856079,,4.044922828674316,,,
112,,8329,,16.275442123413086,,0.8213335275650024,,4.016383647918701,,,
112,,8339,,12.784876823425293,,0.852666974067688,,3.5500755310058594,,,
112,,8349,,20.706573486328125,,0.7521893978118896,,4.482273578643799,,,
112,,8359,,19.008831024169922,,0.8387750387191772,,4.223060607910156,,,
112,,8361,,,,,,,9.087895393371582,0.893439769744873,2.9323792457580566
112,,8361,17.87944984436035,,0.795297384262085,,4.165345191955566,,,,
,0.001,8362,,,,,,,,,
113,,8369,,19.24315071105957,,0.8041908740997314,,4.3283233642578125,,,
113,,8379,,17.592741012573242,,0.7952777147293091,,4.1714887619018555,,,
113,,8389,,17.211557388305664,,0.8182451725006104,,4.122642517089844,,,
113,,8399,,12.467238426208496,,0.849116325378418,,3.4943594932556152,,,
113,,8409,,7.535648822784424,,0.9116597175598145,,2.7043161392211914,,,
113,,8419,,16.848834991455078,,0.833455502986908,,4.073231220245361,,,
113,,8429,,13.453012466430664,,0.8514257073402405,,3.632009506225586,,,
113,,8435,,,,,,,9.249722480773926,0.891869068145752,2.936459541320801
113,,8435,16.912670135498047,,0.8067165613174438,,4.042402267456055,,,,
,0.001,8436,,,,,,,,,
114,,8439,,28.737335205078125,,0.6084712743759155,,5.311222553253174,,,
114,,8449,,12.68289852142334,,0.8535804748535156,,3.5515360832214355,,,
114,,8459,,15.900665283203125,,0.8216562271118164,,3.974107265472412,,,
114,,8469,,11.112719535827637,,0.8773435950279236,,3.310269355773926,,,
114,,8479,,15.032180786132812,,0.8594543933868408,,3.8317670822143555,,,
114,,8489,,16.541181564331055,,0.7989950180053711,,4.022031784057617,,,
114,,8499,,12.53892707824707,,0.8559354543685913,,3.5323569774627686,,,
114,,8509,,15.34619140625,,0.7586798667907715,,3.8881373405456543,,,
114,,8509,,,,,,,9.410806655883789,0.8887885212898254,2.96157169342041
114,,8509,15.976325988769531,,0.8182886242866516,,3.932650089263916,,,,
,0.001,8510,,,,,,,,,
115,,8519,,23.079864501953125,,0.6764748096466064,,4.763516426086426,,,
115,,8529,,16.11376190185547,,0.825736403465271,,3.9683103561401367,,,
115,,8539,,17.88921546936035,,0.781486988067627,,4.208804130554199,,,
115,,8549,,16.986433029174805,,0.769382655620575,,4.04889440536499,,,
115,,8559,,12.89368724822998,,0.8738188743591309,,3.5674853324890137,,,
115,,8569,,13.959360122680664,,0.8264266848564148,,3.7094948291778564,,,
115,,8579,,11.88340950012207,,0.8773249387741089,,3.390561819076538,,,
115,,8583,,,,,,,9.49843692779541,0.8874045014381409,3.014324426651001
115,,8583,17.241443634033203,,0.8012083768844604,,4.079922676086426,,,,
,0.001,8584,,,,,,,,,
116,,8589,,17.35856819152832,,0.8195350766181946,,4.128568649291992,,,
116,,8599,,11.79406452178955,,0.8544975519180298,,3.3868207931518555,,,
116,,8609,,20.673871994018555,,0.7287182211875916,,4.539410591125488,,,
116,,8619,,15.245613098144531,,0.773451566696167,,3.8630290031433105,,,
116,,8629,,21.761947631835938,,0.8086632490158081,,4.596117973327637,,,
116,,8639,,17.795291900634766,,0.7640424966812134,,4.178086757659912,,,
116,,8649,,14.510372161865234,,0.8573065400123596,,3.802799701690674,,,
116,,8657,,,,,,,9.719902038574219,0.8849339485168457,3.030629873275757
116,,8657,17.371103286743164,,0.8008922934532166,,4.088146686553955,,,,
,0.001,8658,,,,,,,,,
117,,8659,,18.296955108642578,,0.775682806968689,,4.235245227813721,,,
117,,8669,,12.524452209472656,,0.8738315105438232,,3.5313096046447754,,,
117,,8679,,16.038002014160156,,0.84796142578125,,3.996983528137207,,,
117,,8689,,13.61832046508789,,0.8390488624572754,,3.665526866912842,,,
117,,8699,,17.448869705200195,,0.7796465158462524,,4.14035701751709,,,
117,,8709,,16.153621673583984,,0.8221465349197388,,3.957003593444824,,,
117,,8719,,14.625656127929688,,0.8536726832389832,,3.794448137283325,,,
117,,8729,,15.268125534057617,,0.830763041973114,,3.885868787765503,,,
117,,8731,,,,,,,8.576374053955078,0.8982311487197876,2.858842134475708
117,,8731,16.305185317993164,,0.813182532787323,,3.9790873527526855,,,,
,0.001,8732,,,,,,,,,
118,,8739,,12.534146308898926,,0.8390711545944214,,3.5238332748413086,,,
118,,8749,,12.34731674194336,,0.8695704936981201,,3.4642152786254883,,,
118,,8759,,17.473716735839844,,0.8297168016433716,,4.11007022857666,,,
118,,8769,,12.702707290649414,,0.8499569892883301,,3.5275259017944336,,,
118,,8779,,12.590953826904297,,0.8332439661026001,,3.534243106842041,,,
118,,8789,,14.390620231628418,,0.8787016868591309,,3.7552919387817383,,,
118,,8799,,11.471596717834473,,0.8869447708129883,,3.3254714012145996,,,
118,,8805,,,,,,,8.755887031555176,0.8970428705215454,2.878216028213501
118,,8805,16.107206344604492,,0.8162623047828674,,3.938587188720703,,,,
,0.001,8806,,,,,,,,,
119,,8809,,13.97293758392334,,0.8275853395462036,,3.698364734649658,,,
119,,8819,,15.644818305969238,,0.838208794593811,,3.8854684829711914,,,
119,,8829,,25.43878936767578,,0.5857915878295898,,5.000302314758301,,,
119,,8839,,18.57137107849121,,0.7814339399337769,,4.24102783203125,,,
119,,8849,,12.372052192687988,,0.8317229151725769,,3.512728691101074,,,
119,,8859,,17.56934928894043,,0.8357193470001221,,4.165358543395996,,,
119,,8869,,19.446916580200195,,0.8001925945281982,,4.3905558586120605,,,
119,,8879,,18.603445053100586,,0.7187231779098511,,4.211803436279297,,,
119,,8879,,,,,,,9.186836242675781,0.8918124437332153,2.931211233139038
119,,8879,17.09280014038086,,0.8051630258560181,,4.0571417808532715,,,,
,0.001,8880,,,,,,,,,
120,,8889,,14.076223373413086,,0.8012537956237793,,3.7152295112609863,,,
120,,8899,,18.25539779663086,,0.7608123421669006,,4.242581367492676,,,
120,,8909,,17.921218872070312,,0.7603813409805298,,4.204827785491943,,,
120,,8919,,17.81147003173828,,0.7884838581085205,,4.159278392791748,,,
120,,8929,,13.256747245788574,,0.8481511473655701,,3.599848747253418,,,
120,,8939,,28.88276481628418,,0.6505166888237,,5.326354026794434,,,
120,,8949,,12.96121597290039,,0.8407484292984009,,3.5740630626678467,,,
120,,8953,,,,,,,10.346166610717773,0.8787327408790588,3.0902905464172363
120,,8953,17.355104446411133,,0.8019998669624329,,4.098102569580078,,,,
,0.001,8954,,,,,,,,,
121,,8959,,13.196382522583008,,0.8683844804763794,,3.5410101413726807,,,
121,,8969,,24.002538681030273,,0.6957582831382751,,4.854325294494629,,,
121,,8979,,17.7864990234375,,0.8028367757797241,,4.179131507873535,,,
121,,8989,,13.623308181762695,,0.8449794054031372,,3.6364760398864746,,,
121,,8999,,15.828451156616211,,0.8394525051116943,,3.9335615634918213,,,
121,,9009,,16.122209548950195,,0.7709415555000305,,3.997758388519287,,,
121,,9019,,10.223493576049805,,0.8583442568778992,,3.191958427429199,,,
121,,9027,,,,,,,8.886051177978516,0.8955355286598206,2.9158802032470703
121,,9027,16.799428939819336,,0.8078645467758179,,4.032742977142334,,,,
,0.001,9028,,,,,,,,,
122,,9029,,11.453703880310059,,0.8828111886978149,,3.3720951080322266,,,
122,,9039,,15.606890678405762,,0.8436640501022339,,3.887429714202881,,,
122,,9049,,12.730762481689453,,0.8357832431793213,,3.5399599075317383,,,
122,,9059,,16.19544219970703,,0.7874936461448669,,3.9714558124542236,,,
122,,9069,,26.857105255126953,,0.5865581035614014,,5.153790473937988,,,
122,,9079,,9.775543212890625,,0.8843644857406616,,3.092705011367798,,,
122,,9089,,16.95945167541504,,0.8409333825111389,,4.088372230529785,,,
122,,9099,,18.92160415649414,,0.7133744359016418,,4.332326889038086,,,
122,,9101,,,,,,,8.92988109588623,0.8941256403923035,2.9156720638275146
122,,9101,17.10309600830078,,0.8023473620414734,,4.056303977966309,,,,
,0.001,9102,,,,,,,,,
123,,9109,,20.79045867919922,,0.7661901116371155,,4.554928779602051,,,
123,,9119,,14.503081321716309,,0.8542024493217468,,3.758324384689331,,,
123,,9129,,13.214737892150879,,0.8857525587081909,,3.589184522628784,,,
123,,9139,,10.591962814331055,,0.8705688714981079,,3.2502074241638184,,,
123,,9149,,16.586822509765625,,0.8280314207077026,,4.048238754272461,,,
123,,9159,,22.7600154876709,,0.792188286781311,,4.6119914054870605,,,
123,,9169,,22.326749801635742,,0.7771257758140564,,4.7054033279418945,,,
123,,9175,,,,,,,8.536664009094238,0.8989772200584412,2.8579599857330322
123,,9175,17.795412063598633,,0.7941268682479858,,4.139284610748291,,,,
,0.001,9176,,,,,,,,,
124,,9179,,12.562172889709473,,0.8429117202758789,,3.5255987644195557,,,
124,,9189,,13.293643951416016,,0.8617854714393616,,3.624814033508301,,,
124,,9199,,11.157505989074707,,0.870876669883728,,3.3004302978515625,,,
124,,9209,,22.00910186767578,,0.7529792785644531,,4.667298793792725,,,
124,,9219,,13.062196731567383,,0.8210330009460449,,3.58514404296875,,,
124,,9229,,22.978078842163086,,0.6909158229827881,,4.752803802490234,,,
124,,9239,,24.272186279296875,,0.7332403659820557,,4.880279541015625,,,
124,,9249,,19.556995391845703,,0.8149393796920776,,4.386520862579346,,,
124,,9249,,,,,,,8.796677589416504,0.8952443599700928,2.8772132396698
124,,9249,16.320724487304688,,0.8131272196769714,,3.9626893997192383,,,,
,0.001,9250,,,,,,,,,
125,,9259,,17.051284790039062,,0.7656537294387817,,4.110989093780518,,,
125,,9269,,20.34078598022461,,0.7209627032279968,,4.475109100341797,,,
125,,9279,,15.443669319152832,,0.8362696170806885,,3.8966691493988037,,,
125,,9289,,26.638816833496094,,0.7370081543922424,,5.071145057678223,,,
125,,9299,,20.63443374633789,,0.7804855108261108,,4.5138726234436035,,,
125,,9309,,16.450410842895508,,0.8491835594177246,,4.019302845001221,,,
125,,9319,,18.432788848876953,,0.7500113248825073,,4.237268447875977,,,
125,,9323,,,,,,,8.542778015136719,0.8994340300559998,2.8149263858795166
125,,9323,16.37152671813965,,0.8127515912055969,,3.97674822807312,,,,
,0.001,9324,,,,,,,,,
126,,9329,,12.744150161743164,,0.8266333341598511,,3.538559675216675,,,
126,,9339,,13.790432929992676,,0.7801664471626282,,3.6814193725585938,,,
126,,9349,,20.828218460083008,,0.8139907121658325,,4.533665657043457,,,
126,,9359,,12.55974292755127,,0.8748104572296143,,3.5077006816864014,,,
126,,9369,,20.043771743774414,,0.7372611165046692,,4.434881210327148,,,
126,,9379,,23.96172332763672,,0.7318145036697388,,4.7803826332092285,,,
126,,9389,,21.3236083984375,,0.7560545206069946,,4.582132816314697,,,
126,,9397,,,,,,,7.592997074127197,0.9100838303565979,2.6790740489959717
126,,9397,17.187097549438477,,0.8024100065231323,,4.074065208435059,,,,
,0.001,9398,,,,,,,,,
127,,9399,,18.48604393005371,,0.8366289138793945,,4.2704925537109375,,,
127,,9409,,14.5782470703125,,0.7291140556335449,,3.7981576919555664,,,
127,,9419,,13.974868774414062,,0.849211573600769,,3.706160068511963,,,
127,,9429,,14.610292434692383,,0.8471612930297852,,3.795454502105713,,,
127,,9439,,10.675396919250488,,0.8709386587142944,,3.25185489654541,,,
127,,9449,,14.485126495361328,,0.8446670770645142,,3.8036069869995117,,,
127,,9459,,14.386994361877441,,0.7870528101921082,,3.7750649452209473,,,
127,,9469,,20.883403778076172,,0.7799962162971497,,4.521764755249023,,,
127,,9471,,,,,,,8.369585990905762,0.9010387063026428,2.8303163051605225
127,,9471,17.121780395507812,,0.8027133941650391,,4.06121301651001,,,,
,0.001,9472,,,,,,,,,
128,,9479,,12.765457153320312,,0.8558247089385986,,3.5415287017822266,,,
128,,9489,,21.275623321533203,,0.7486907243728638,,4.586462020874023,,,
128,,9499,,14.770095825195312,,0.8579827547073364,,3.8121178150177,,,
128,,9509,,21.241626739501953,,0.8108915090560913,,4.506375312805176,,,
128,,9519,,12.861063003540039,,0.8620520234107971,,3.5578219890594482,,,
128,,9529,,17.3851318359375,,0.7896997332572937,,4.150938987731934,,,
128,,9539,,14.502772331237793,,0.8732633590698242,,3.7041025161743164,,,
128,,9545,,,,,,,8.490606307983398,0.8996861577033997,2.8408117294311523
128,,9545,17.671308517456055,,0.7984388470649719,,4.117647171020508,,,,
,0.001,9546,,,,,,,,,
129,,9549,,18.143224716186523,,0.836840808391571,,4.221035480499268,,,
129,,9559,,21.38113021850586,,0.7877771854400635,,4.59713077545166,,,
129,,9569,,15.436689376831055,,0.8458069562911987,,3.884202718734741,,,
129,,9579,,13.425206184387207,,0.8709397315979004,,3.614309549331665,,,
129,,9589,,18.450828552246094,,0.7589271068572998,,4.27786922454834,,,
129,,9599,,20.099611282348633,,0.8135168552398682,,4.468143939971924,,,
129,,9609,,13.872589111328125,,0.8053541779518127,,3.709317684173584,,,
129,,9619,,28.931346893310547,,0.6953384280204773,,5.286725044250488,,,
129,,9619,,,,,,,9.295304298400879,0.8894817233085632,2.979459524154663
129,,9619,17.225078582763672,,0.8030641078948975,,4.081675052642822,,,,
,0.001,9620,,,,,,,,,
130,,9629,,15.132381439208984,,0.7652380466461182,,3.857968807220459,,,
130,,9639,,13.217571258544922,,0.8573118448257446,,3.605356216430664,,,
130,,9649,,18.99343490600586,,0.7940487861633301,,4.314126014709473,,,
130,,9659,,19.110227584838867,,0.7615801095962524,,4.312800407409668,,,
130,,9669,,19.06856346130371,,0.7951234579086304,,4.341655731201172,,,
130,,9679,,20.791465759277344,,0.7790582776069641,,4.503218650817871,,,
130,,9689,,28.273944854736328,,0.6965770125389099,,5.299378871917725,,,
130,,9693,,,,,,,8.831671714782715,0.8955746293067932,2.875361204147339
130,,9693,16.926416397094727,,0.8081091046333313,,4.026078224182129,,,,
,0.001,9694,,,,,,,,,
131,,9699,,19.50710678100586,,0.8121370077133179,,4.393880367279053,,,
131,,9709,,29.033935546875,,0.7106972932815552,,5.32373046875,,,
131,,9719,,13.219743728637695,,0.8695037364959717,,3.6237854957580566,,,
131,,9729,,15.145401000976562,,0.7989789247512817,,3.8659043312072754,,,
131,,9739,,18.92519187927246,,0.7558025121688843,,4.315857410430908,,,
131,,9749,,19.487808227539062,,0.7744355797767639,,4.356089115142822,,,
131,,9759,,19.09478187561035,,0.8027315139770508,,4.345279216766357,,,
131,,9767,,,,,,,8.600666999816895,0.8984028100967407,2.832707643508911
131,,9767,16.67255973815918,,0.8077197074890137,,4.013144493103027,,,,
,0.001,9768,,,,,,,,,
132,,9769,,19.538921356201172,,0.8286733627319336,,4.370931148529053,,,
132,,9779,,16.211198806762695,,0.8303128480911255,,3.961090564727783,,,
132,,9789,,11.691770553588867,,0.8274185657501221,,3.3850364685058594,,,
132,,9799,,18.777151107788086,,0.7656794190406799,,4.266775131225586,,,
132,,9809,,16.238731384277344,,0.7691218852996826,,4.014252185821533,,,
132,,9819,,13.724370956420898,,0.7906447649002075,,3.694070339202881,,,
132,,9829,,18.91956329345703,,0.772402286529541,,4.342961311340332,,,
132,,9839,,22.658267974853516,,0.7985866665840149,,4.731843948364258,,,
132,,9841,,,,,,,8.95064926147461,0.8945308327674866,2.9148168563842773
132,,9841,15.916290283203125,,0.8184791803359985,,3.9276363849639893,,,,
,0.001,9842,,,,,,,,,
133,,9849,,14.280173301696777,,0.8249005675315857,,3.731315851211548,,,
133,,9859,,14.074495315551758,,0.8471875190734863,,3.7002573013305664,,,
133,,9869,,14.773930549621582,,0.8849044442176819,,3.72501802444458,,,
133,,9879,,14.887520790100098,,0.8407796621322632,,3.83457612991333,,,
133,,9889,,22.82773208618164,,0.735148012638092,,4.737281799316406,,,
133,,9899,,23.566326141357422,,0.7478665113449097,,4.826154708862305,,,
133,,9909,,12.96178150177002,,0.8741024732589722,,3.539876937866211,,,
133,,9915,,,,,,,9.247784614562988,0.8922336101531982,2.961937427520752
133,,9915,16.063175201416016,,0.8164891600608826,,3.94049334526062,,,,
,0.001,9916,,,,,,,,,
134,,9919,,11.31698989868164,,0.873263955116272,,3.334195375442505,,,
134,,9929,,24.308597564697266,,0.7511696815490723,,4.887387275695801,,,
134,,9939,,13.57610034942627,,0.800499439239502,,3.6797432899475098,,,
134,,9949,,11.480607986450195,,0.8487633466720581,,3.3691935539245605,,,
134,,9959,,15.739980697631836,,0.8376984000205994,,3.9271631240844727,,,
134,,9969,,18.215309143066406,,0.7851378917694092,,4.254055976867676,,,
134,,9979,,11.596956253051758,,0.8768686056137085,,3.390725612640381,,,
134,,9989,,25.88466453552246,,0.6333903074264526,,5.008355140686035,,,
134,,9989,,,,,,,8.439117431640625,0.9006919264793396,2.827634334564209
134,,9989,16.145381927490234,,0.8152419924736023,,3.952237367630005,,,,
,0.001,9990,,,,,,,,,
135,,9999,,13.71851921081543,,0.8512370586395264,,3.6721303462982178,,,
135,,10009,,27.134166717529297,,0.7327721118927002,,5.1400251388549805,,,
135,,10019,,16.515409469604492,,0.7981998920440674,,4.046131134033203,,,
135,,10029,,11.558737754821777,,0.8679967522621155,,3.360581398010254,,,
135,,10039,,13.84701156616211,,0.8685097694396973,,3.6732382774353027,,,
135,,10049,,14.624539375305176,,0.8447314500808716,,3.7980191707611084,,,
135,,10059,,15.025650024414062,,0.8364042043685913,,3.8622426986694336,,,
135,,10063,,,,,,,9.139124870300293,0.8921504020690918,2.917166233062744
135,,10063,16.433040618896484,,0.8124201893806458,,3.969196319580078,,,,
,0.001,10064,,,,,,,,,
136,,10069,,18.334884643554688,,0.7865471839904785,,4.249354362487793,,,
136,,10079,,14.610479354858398,,0.8586887121200562,,3.7927441596984863,,,
136,,10089,,18.89084243774414,,0.7439531683921814,,4.291908264160156,,,
136,,10099,,28.910743713378906,,0.6963793039321899,,5.31276798248291,,,
136,,10109,,17.353267669677734,,0.8301451802253723,,4.13853645324707,,,
136,,10119,,11.31167221069336,,0.8763114809989929,,3.3567512035369873,,,
136,,10129,,15.37607192993164,,0.8497377038002014,,3.910378932952881,,,
136,,10137,,,,,,,9.379206657409668,0.8890485763549805,2.958832025527954
136,,10137,16.99022674560547,,0.8060638308525085,,4.054119110107422,,,,
,0.001,10138,,,,,,,,,
137,,10139,,20.48760414123535,,0.6651290655136108,,4.519675254821777,,,
137,,10149,,9.700679779052734,,0.9095171689987183,,3.1046054363250732,,,
137,,10159,,22.898603439331055,,0.7217970490455627,,4.760303020477295,,,
137,,10169,,10.6250638961792,,0.8599752187728882,,3.2548553943634033,,,
137,,10179,,16.25051498413086,,0.7935615181922913,,3.988304615020752,,,
137,,10189,,18.268617630004883,,0.7916049361228943,,4.230559349060059,,,
137,,10199,,10.516532897949219,,0.870225191116333,,3.232088565826416,,,
137,,10209,,15.684191703796387,,0.8163596391677856,,3.926661491394043,,,
137,,10211,,,,,,,7.58225154876709,0.9105197787284851,2.67991304397583
137,,10211,15.926013946533203,,0.8170880675315857,,3.9291739463806152,,,,
,0.001,10212,,,,,,,,,
138,,10219,,23.151865005493164,,0.8044272661209106,,4.7673139572143555,,,
138,,10229,,9.679076194763184,,0.8805897235870361,,3.10579514503479,,,
138,,10239,,21.430084228515625,,0.7306904792785645,,4.624831676483154,,,
138,,10249,,13.288307189941406,,0.8129981756210327,,3.582610845565796,,,
138,,10259,,11.092656135559082,,0.9098846912384033,,3.2668039798736572,,,
138,,10269,,12.004121780395508,,0.8640583753585815,,3.3958940505981445,,,
138,,10279,,13.342212677001953,,0.850598156452179,,3.613633155822754,,,
138,,10285,,,,,,,9.025047302246094,0.8940860629081726,2.9164845943450928
138,,10285,15.956775665283203,,0.8170010447502136,,3.9203386306762695,,,,
,0.001,10286,,,,,,,,,
139,,10289,,17.70575714111328,,0.802101731300354,,4.1437201499938965,,,
139,,10299,,18.143959045410156,,0.7911540269851685,,4.213744640350342,,,
139,,10309,,15.421106338500977,,0.8342914581298828,,3.8646492958068848,,,
139,,10319,,14.510126113891602,,0.8413825631141663,,3.7898242473602295,,,
139,,10329,,15.672142028808594,,0.8264845609664917,,3.938993453979492,,,
139,,10339,,20.685205459594727,,0.7962807416915894,,4.498724460601807,,,
139,,10349,,18.562572479248047,,0.7733017206192017,,4.26979923248291,,,
139,,10359,,13.99583911895752,,0.8466392755508423,,3.6936583518981934,,,
139,,10359,,,,,,,9.570596694946289,0.8881227374076843,3.002175807952881
139,,10359,16.61756134033203,,0.8094227313995361,,4.01013708114624,,,,
,0.001,10360,,,,,,,,,
140,,10369,,21.810197830200195,,0.7656632661819458,,4.62854528427124,,,
140,,10379,,17.97486686706543,,0.7386408448219299,,4.227342128753662,,,
140,,10389,,14.09203052520752,,0.8111230731010437,,3.7371950149536133,,,
140,,10399,,11.995849609375,,0.8310501575469971,,3.4421725273132324,,,
140,,10409,,19.219274520874023,,0.8299996256828308,,4.332583427429199,,,
140,,10419,,12.535965919494629,,0.8560218811035156,,3.5273396968841553,,,
140,,10429,,17.41161346435547,,0.7976450324058533,,4.151820182800293,,,
140,,10433,,,,,,,8.488992691040039,0.9000690579414368,2.817567825317383
140,,10433,17.53379249572754,,0.7995498180389404,,4.105422496795654,,,,
,0.001,10434,,,,,,,,,
141,,10439,,14.146971702575684,,0.7945466637611389,,3.746579647064209,,,
141,,10449,,14.666328430175781,,0.8392192125320435,,3.812568187713623,,,
141,,10459,,11.605875015258789,,0.8409476280212402,,3.3906562328338623,,,
141,,10469,,8.703783988952637,,0.9026702642440796,,2.9423604011535645,,,
141,,10479,,12.216556549072266,,0.8811300992965698,,3.4651637077331543,,,
141,,10489,,15.509248733520508,,0.7994456887245178,,3.9085183143615723,,,
141,,10499,,12.897157669067383,,0.8300129175186157,,3.5555503368377686,,,
141,,10507,,,,,,,9.29240894317627,0.8896209001541138,2.9512977600097656
141,,10507,15.493820190429688,,0.8230836391448975,,3.8760178089141846,,,,
,0.001,10508,,,,,,,,,
142,,10509,,20.197479248046875,,0.732164740562439,,4.462542533874512,,,
142,,10519,,15.892066955566406,,0.8338650465011597,,3.9447104930877686,,,
142,,10529,,8.084539413452148,,0.9209671020507812,,2.8282573223114014,,,
142,,10539,,15.661678314208984,,0.8132908940315247,,3.926500082015991,,,
142,,10549,,13.502142906188965,,0.8300468921661377,,3.62428617477417,,,
142,,10559,,17.623729705810547,,0.7490445971488953,,4.155538082122803,,,
142,,10569,,17.00011444091797,,0.827824592590332,,4.0922017097473145,,,
142,,10579,,22.152530670166016,,0.6054471731185913,,4.676334381103516,,,
142,,10581,,,,,,,9.686059951782227,0.8837605714797974,3.020906448364258
142,,10581,16.010927200317383,,0.8151976466178894,,3.9290964603424072,,,,
,0.001,10582,,,,,,,,,
143,,10589,,12.087437629699707,,0.8720719218254089,,3.4334938526153564,,,
143,,10599,,23.83820343017578,,0.7530580759048462,,4.827632904052734,,,
143,,10609,,12.534611701965332,,0.8591052293777466,,3.484800338745117,,,
143,,10619,,11.551010131835938,,0.8696984648704529,,3.390592575073242,,,
143,,10629,,20.630205154418945,,0.7429016828536987,,4.508172035217285,,,
143,,10639,,17.851634979248047,,0.7730231881141663,,4.220195770263672,,,
143,,10649,,13.89504337310791,,0.8306522965431213,,3.7205872535705566,,,
143,,10655,,,,,,,7.839922904968262,0.9076576828956604,2.7257113456726074
143,,10655,15.658970832824707,,0.8224440813064575,,3.8957769870758057,,,,
,0.001,10656,,,,,,,,,
144,,10659,,19.697057723999023,,0.7585048675537109,,4.385407447814941,,,
144,,10669,,14.492691040039062,,0.8242968916893005,,3.786513328552246,,,
144,,10679,,16.773094177246094,,0.8170688152313232,,4.0542216300964355,,,
144,,10689,,14.082038879394531,,0.8205582499504089,,3.696873188018799,,,
144,,10699,,21.08539390563965,,0.7112815976142883,,4.578721523284912,,,
144,,10709,,24.025300979614258,,0.7082295417785645,,4.878868579864502,,,
144,,10719,,11.801362037658691,,0.8684724569320679,,3.4180848598480225,,,
144,,10729,,52.61749267578125,,0.22496530413627625,,7.122427940368652,,,
144,,10729,,,,,,,9.3663969039917,0.8898276686668396,2.951230764389038
144,,10729,16.18520164489746,,0.8141663074493408,,3.9475369453430176,,,,
,0.001,10730,,,,,,,,,
145,,10739,,21.34787940979004,,0.7754757404327393,,4.555972099304199,,,
145,,10749,,8.358674049377441,,0.9087547659873962,,2.8786935806274414,,,
145,,10759,,16.370464324951172,,0.758801281452179,,4.0195441246032715,,,
145,,10769,,18.42025375366211,,0.6837826371192932,,4.269185543060303,,,
145,,10779,,32.786624908447266,,0.7435934543609619,,5.640872955322266,,,
145,,10789,,19.278478622436523,,0.7907661199569702,,4.37840461730957,,,
145,,10799,,13.999361038208008,,0.7860409617424011,,3.7269082069396973,,,
145,,10803,,,,,,,8.349088668823242,0.9006158709526062,2.8027100563049316
145,,10803,17.05824851989746,,0.8048276305198669,,4.046525478363037,,,,
,0.001,10804,,,,,,,,,
146,,10809,,13.49608325958252,,0.8521903157234192,,3.657886266708374,,,
146,,10819,,15.967487335205078,,0.8054893016815186,,3.961740732192993,,,
146,,10829,,11.588059425354004,,0.8325442671775818,,3.3901147842407227,,,
146,,10839,,15.013431549072266,,0.8473246097564697,,3.8456759452819824,,,
146,,10849,,11.012492179870605,,0.8762756586074829,,3.2814950942993164,,,
146,,10859,,12.38079833984375,,0.8781406879425049,,3.484095335006714,,,
146,,10869,,12.8271484375,,0.8787239789962769,,3.513084888458252,,,
146,,10877,,,,,,,9.012356758117676,0.8936086893081665,2.867069721221924
146,,10877,15.141313552856445,,0.8267008066177368,,3.8218343257904053,,,,
,0.001,10878,,,,,,,,,
147,,10879,,13.55235481262207,,0.8394253849983215,,3.6339945793151855,,,
147,,10889,,14.935151100158691,,0.8238028287887573,,3.8318095207214355,,,
147,,10899,,20.148534774780273,,0.7912405729293823,,4.459024429321289,,,
147,,10909,,14.127313613891602,,0.8530347943305969,,3.7148900032043457,,,
147,,10919,,24.21403694152832,,0.6403243541717529,,4.884089946746826,,,
147,,10929,,22.735668182373047,,0.7627429962158203,,4.722297668457031,,,
147,,10939,,21.86035919189453,,0.7643357515335083,,4.6036882400512695,,,
147,,10949,,19.633691787719727,,0.7946435213088989,,4.372959136962891,,,
147,,10951,,,,,,,10.66894245147705,0.8722195029258728,3.1480672359466553
147,,10951,16.11662483215332,,0.81587815284729,,3.928340196609497,,,,
,0.001,10952,,,,,,,,,
148,,10959,,13.098642349243164,,0.8302072286605835,,3.6039297580718994,,,
148,,10969,,11.138681411743164,,0.8625810146331787,,3.326777935028076,,,
148,,10979,,18.66708755493164,,0.7847867012023926,,4.297091007232666,,,
148,,10989,,21.709409713745117,,0.7820399403572083,,4.599538803100586,,,
148,,10999,,32.660545349121094,,0.6483404636383057,,5.662517547607422,,,
148,,11009,,9.277782440185547,,0.9035893678665161,,3.024653911590576,,,
148,,11019,,16.407026290893555,,0.8524463176727295,,4.00506591796875,,,
148,,11025,,,,,,,8.50229549407959,0.9000779390335083,2.822239875793457
148,,11025,16.442886352539062,,0.811904788017273,,3.9827089309692383,,,,
,0.001,11026,,,,,,,,,
149,,11029,,13.76380729675293,,0.8540303111076355,,3.679107189178467,,,
149,,11039,,14.503942489624023,,0.8378065824508667,,3.803558111190796,,,
149,,11049,,10.708646774291992,,0.8921653032302856,,3.2670493125915527,,,
149,,11059,,13.620994567871094,,0.8874760866165161,,3.605773448944092,,,
149,,11069,,13.345585823059082,,0.8484507203102112,,3.6359853744506836,,,
149,,11079,,16.489456176757812,,0.8072875738143921,,4.037055969238281,,,
149,,11089,,11.63343334197998,,0.8759372234344482,,3.3881614208221436,,,
149,,11099,,23.83365249633789,,0.7776056528091431,,4.836688995361328,,,
149,,11099,,,,,,,8.064958572387695,0.905275285243988,2.7568371295928955
149,,11099,16.064132690429688,,0.8153766393661499,,3.9307425022125244,,,,
,0.001,11100,,,,,,,,,
150,,11109,,12.329668045043945,,0.8040338754653931,,3.4638640880584717,,,
150,,11119,,10.323831558227539,,0.8672006726264954,,3.208240032196045,,,
150,,11129,,19.62777328491211,,0.8247977495193481,,4.396717071533203,,,
150,,11139,,11.603260040283203,,0.8852325677871704,,3.397327184677124,,,
150,,11149,,8.498526573181152,,0.8921515941619873,,2.9125044345855713,,,
150,,11159,,18.15088653564453,,0.6974378824234009,,4.188974857330322,,,
150,,11169,,18.419002532958984,,0.8105467557907104,,4.238472938537598,,,
150,,11173,,,,,,,8.179323196411133,0.9045957922935486,2.7626774311065674
150,,11173,16.0544376373291,,0.8153420686721802,,3.924711227416992,,,,
,0.001,11174,,,,,,,,,
151,,11179,,21.49317741394043,,0.7904624938964844,,4.6224493980407715,,,
151,,11189,,14.030645370483398,,0.8229615092277527,,3.7267212867736816,,,
151,,11199,,17.456512451171875,,0.809719979763031,,4.129796504974365,,,
151,,11209,,17.886077880859375,,0.7934774160385132,,4.186082363128662,,,
151,,11219,,17.99137306213379,,0.8478490114212036,,4.208349704742432,,,
151,,11229,,16.41442108154297,,0.7783986330032349,,4.017626762390137,,,
151,,11239,,11.501531600952148,,0.9030601978302002,,3.289696216583252,,,
151,,11247,,,,,,,8.688318252563477,0.8976934552192688,2.851235866546631
151,,11247,16.693674087524414,,0.8055797815322876,,4.009144306182861,,,,
,0.001,11248,,,,,,,,,
152,,11249,,26.118633270263672,,0.707677960395813,,5.065030574798584,,,
152,,11259,,15.175236701965332,,0.8093932867050171,,3.847907304763794,,,
152,,11269,,15.26164722442627,,0.7797315120697021,,3.8791751861572266,,,
152,,11279,,15.471857070922852,,0.8476402163505554,,3.861523151397705,,,
152,,11289,,15.279647827148438,,0.82881098985672,,3.8995370864868164,,,
152,,11299,,14.49079704284668,,0.8121652007102966,,3.7650763988494873,,,
152,,11309,,14.478168487548828,,0.8360112309455872,,3.7653861045837402,,,
152,,11319,,19.383712768554688,,0.8002514839172363,,4.358436584472656,,,
152,,11321,,,,,,,10.068066596984863,0.8816096782684326,3.0719058513641357
152,,11321,16.321237564086914,,0.8131812214851379,,3.950577974319458,,,,
,0.001,11322,,,,,,,,,
153,,11329,,9.809673309326172,,0.8827040195465088,,3.1132655143737793,,,
153,,11339,,18.10607147216797,,0.7595470547676086,,4.227928638458252,,,
153,,11349,,23.85626220703125,,0.7448171973228455,,4.81430196762085,,,
153,,11359,,11.729718208312988,,0.8744168281555176,,3.4074301719665527,,,
153,,11369,,11.375173568725586,,0.8781832456588745,,3.3480546474456787,,,
153,,11379,,21.91400146484375,,0.7015085220336914,,4.651486396789551,,,
153,,11389,,14.81771469116211,,0.8455743193626404,,3.8205809593200684,,,
153,,11395,,,,,,,9.54601764678955,0.8876701593399048,2.989771604537964
153,,11395,14.7837553024292,,0.8316735029220581,,3.7851247787475586,,,,
,0.001,11396,,,,,,,,,
154,,11399,,11.198920249938965,,0.8961209058761597,,3.2856101989746094,,,
154,,11409,,12.850278854370117,,0.8654011487960815,,3.5325846672058105,,,
154,,11419,,21.364343643188477,,0.756812334060669,,4.602765083312988,,,
154,,11429,,11.828226089477539,,0.8541443347930908,,3.404325008392334,,,
154,,11439,,15.373170852661133,,0.8576680421829224,,3.8554344177246094,,,
154,,11449,,22.920066833496094,,0.7434701323509216,,4.723188400268555,,,
154,,11459,,18.42633628845215,,0.7426320314407349,,4.285199165344238,,,
154,,11469,,13.462746620178223,,0.806137204170227,,3.6142821311950684,,,
154,,11469,,,,,,,8.295143127441406,0.9017459750175476,2.7898740768432617
154,,11469,15.17947769165039,,0.8265569806098938,,3.8170628547668457,,,,
,0.001,11470,,,,,,,,,
155,,11479,,13.233682632446289,,0.8375826478004456,,3.599503517150879,,,
155,,11489,,18.6281795501709,,0.8097201585769653,,4.257504463195801,,,
155,,11499,,20.758045196533203,,0.7008513808250427,,4.520901679992676,,,
155,,11509,,10.243551254272461,,0.9025797247886658,,3.182596445083618,,,
155,,11519,,16.486270904541016,,0.790683388710022,,4.03871488571167,,,
155,,11529,,11.280911445617676,,0.8703463077545166,,3.3055810928344727,,,
155,,11539,,12.615341186523438,,0.8803051710128784,,3.511798858642578,,,
155,,11543,,,,,,,8.803817749023438,0.8968839049339294,2.8643152713775635
155,,11543,16.881166458129883,,0.8069452047348022,,4.0315327644348145,,,,
,0.001,11544,,,,,,,,,
156,,11549,,12.435622215270996,,0.8560123443603516,,3.479827880859375,,,
156,,11559,,13.824811935424805,,0.829355001449585,,3.688417434692383,,,
156,,11569,,11.865072250366211,,0.8290010690689087,,3.429013252258301,,,
156,,11579,,13.619898796081543,,0.8533989787101746,,3.631807804107666,,,
156,,11589,,24.915119171142578,,0.694430947303772,,4.9219465255737305,,,
156,,11599,,11.609357833862305,,0.8619226813316345,,3.353078842163086,,,
156,,11609,,12.495163917541504,,0.8459378480911255,,3.5088019371032715,,,
156,,11617,,,,,,,7.822608947753906,0.9074389934539795,2.7042343616485596
156,,11617,16.639829635620117,,0.8106808662414551,,4.001882553100586,,,,
,0.001,11618,,,,,,,,,
157,,11619,,15.834878921508789,,0.846246600151062,,3.9497804641723633,,,
157,,11629,,25.286340713500977,,0.7040402889251709,,4.968568801879883,,,
157,,11639,,17.04371452331543,,0.822443962097168,,4.085702896118164,,,
157,,11649,,15.203688621520996,,0.8374637365341187,,3.8580729961395264,,,
157,,11659,,12.445899963378906,,0.8364545106887817,,3.5041890144348145,,,
157,,11669,,13.049095153808594,,0.8378183841705322,,3.547013521194458,,,
157,,11679,,17.645566940307617,,0.7918578386306763,,4.1440629959106445,,,
157,,11689,,17.791912078857422,,0.8080414533615112,,4.170077800750732,,,
157,,11691,,,,,,,9.429509162902832,0.888245701789856,2.9739913940429688
157,,11691,15.815851211547852,,0.8192684054374695,,3.9036340713500977,,,,
158,,11692,,,,,,,7.58225154876709,0.9105197787284851,2.67991304397583
